respondent_id,submitted_at,duration_sec,screen_visit,origin,home_region,age_group,gender,income_level,travel_party,discovery_channel,ci1,ci2,ci3,au1,au2,au3,pv1,pv2,pv3,attention_check,pc1,pc2,pc3,pi1,pi2,pi3,wtp_150k,gg_100k,gg_125k,gg_175k,gg_200k,vw_too_cheap,vw_cheap,vw_expensive,vw_too_expensive,visits_before,nights_planned,spend_per_day_idr,recommend_0_10,worth_it_comment,contact_email
R0001,2026-08-03T09:21:00,784,Ya,Domestic,Jakarta,18-24,Male,Low,Couple,Google Search,2,1,2,3,2,2,4,4,3,4,4,4,5,1,3,3,Tidak,Tidak,Tidak,Tidak,Tidak,25000,40000,70000,105000,First visit,1,250000,5,Terlalu mahal kalau tidak termasuk makan dan transportasi.,
R0002,2026-08-03T09:49:00,453,Ya,Domestic,North Sumatra,18-24,Female,High,Friends,Instagram,2,3,1,1,1,1,3,1,2,4,3,4,4,1,1,1,Tidak,Ya,Tidak,Tidak,Tidak,45000,65000,100000,155000,First visit,1,410000,6,"Kalau ada cerita sejarah Batak yang dibawakan pemandu lokal, saya mau bayar segitu.",
R0003,2026-08-03T10:47:00,379,Ya,Domestic,West Java,45-54,Male,Middle,Couple,Instagram,5,4,4,4,4,4,2,2,3,4,3,3,4,3,3,3,Tidak,Ya,Ya,Tidak,Tidak,60000,75000,140000,180000,First visit,2,510000,6,"Kalau ada cerita sejarah Batak yang dibawakan pemandu lokal, saya mau bayar segitu.",
R0004,2026-08-03T11:44:00,633,Ya,Domestic,North Sumatra,25-34,Male,Low,Solo,Friends and family,3,3,3,3,2,3,1,2,3,4,3,4,4,1,3,3,Tidak,Tidak,Tidak,Tidak,Tidak,40000,60000,100000,140000,First visit,2,1290000,3,"Jadwal kapal tidak jelas, perlu info yang lebih pasti.",
R0005,2026-08-03T12:45:00,303,Ya,International,Malaysia,45-54,Male,Middle,Family,Friends and family,2,4,3,4,3,4,4,4,4,4,2,3,3,4,3,4,Ya,Ya,Ya,Ya,Ya,120000,205000,345000,450000,1 time,9,1270000,9,"Online booking in English with card payment, please.",
R0006,2026-08-03T12:48:00,353,Ya,Domestic,North Sumatra,18-24,Female,Middle,Family,Instagram,1,2,2,2,4,4,3,3,3,4,5,4,4,2,2,2,Tidak,Tidak,Tidak,Tidak,Tidak,40000,55000,110000,155000,1 time,1,380000,5,Terlalu mahal kalau tidak termasuk makan dan transportasi.,respondent0006@example.com
R0007,2026-08-03T12:55:00,655,Ya,Domestic,Other Indonesia,18-24,Male,Middle,Solo,TikTok,2,1,2,2,2,3,2,4,3,4,4,5,4,2,4,2,Tidak,Ya,Tidak,Tidak,Tidak,45000,75000,120000,165000,1 time,1,440000,8,Kalau harganya 100 ribu saya pasti ikut.,
R0008,2026-08-03T14:17:00,402,Ya,Domestic,Other Indonesia,45-54,Female,Middle,Friends,Friends and family,5,4,4,4,5,5,4,5,4,4,3,3,3,3,4,3,Ya,Ya,Ya,Ya,Ya,100000,160000,260000,345000,1 time,3,510000,8,"Kalau ada cerita sejarah Batak yang dibawakan pemandu lokal, saya mau bayar segitu.",respondent0008@example.com
R0009,2026-08-03T18:13:00,435,Ya,Domestic,Jakarta,45-54,Female,High,Friends,Instagram,4,3,2,4,2,4,3,3,2,4,3,3,3,2,2,3,Tidak,Ya,Ya,Tidak,Tidak,55000,85000,140000,195000,First visit,1,240000,7,"Jalan ke sana macet dan rusak, harus ada antar jemput dari Parapat.",
R0010,2026-08-03T18:57:00,441,Ya,Domestic,North Sumatra,25-34,Female,Low,Family,Instagram,4,4,4,5,5,5,4,5,5,4,3,4,4,5,4,4,Ya,Ya,Ya,Ya,Ya,115000,165000,285000,380000,First visit,3,1060000,10,"Kalau ada cerita sejarah Batak yang dibawakan pemandu lokal, saya mau bayar segitu.",
R0011,2026-08-03T19:25:00,434,Ya,Domestic,North Sumatra,25-34,Female,Middle,Family,Instagram,3,3,2,3,3,2,3,3,2,4,3,3,3,3,,4,Ya,Ya,Ya,Ya,Tidak,80000,130000,205000,250000,First visit,2,550000,6,"Booking ribet sekali di tempat wisata lain, semoga yang ini bisa bayar pakai QRIS.",
R0012,2026-08-03T20:41:00,418,Ya,International,Europe,18-24,Male,Middle,Friends,TikTok,3,3,3,3,3,3,3,3,3,4,3,3,,3,3,3,Tidak,Ya,Ya,Tidak,Tidak,50000,75000,145000,180000,First visit,2,1240000,6,,respondent0012@example.com
R0013,2026-08-03T21:44:00,759,Ya,Domestic,Jakarta,25-34,Male,Middle,Solo,TikTok,4,5,4,3,3,3,3,4,3,4,3,3,4,3,3,4,Ya,Ya,Ya,Ya,Ya,145000,250000,385000,515000,First visit,1,320000,8,"Yang penting pemandunya bisa bercerita dengan menarik, bukan hanya jalan-jalan.",respondent0013@example.com
R0014,2026-08-03T21:46:00,430,Ya,International,Malaysia,35-44,Male,High,Friends,Instagram,4,4,3,4,3,4,3,3,3,4,3,3,2,2,3,3,Ya,Ya,Ya,Ya,Ya,115000,150000,290000,380000,First visit,4,1350000,7,"Online booking in English with card payment, please.",
R0015,2026-08-03T22:40:00,609,Ya,Domestic,Jakarta,25-34,Female,High,Family,Travel agent,4,4,4,5,3,3,3,4,3,4,4,3,3,3,,2,Ya,Ya,Ya,Ya,Tidak,55000,110000,180000,260000,First visit,3,600000,6,Kalau harganya 100 ribu saya pasti ikut.,
R0016,2026-08-03T23:12:00,409,Ya,Domestic,North Sumatra,45-54,Female,Low,Family,Travel agent,4,4,5,3,3,2,4,4,3,4,1,2,2,3,4,3,Tidak,Ya,Ya,Tidak,Tidak,50000,80000,130000,190000,First visit,2,790000,6,,
R0017,2026-08-03T23:14:00,487,Ya,Domestic,North Sumatra,18-24,Male,Low,Couple,Google Search,4,4,3,2,2,3,2,1,1,4,3,5,5,3,3,2,Tidak,Tidak,Tidak,Tidak,Tidak,20000,45000,65000,90000,2-3 times,4,350000,6,Makan siang khas Batak akan membuat harganya masuk akal.,respondent0017@example.com
R0018,2026-08-04T00:30:00,381,Ya,International,Europe,35-44,Female,Middle,Couple,Instagram,3,3,3,4,5,4,4,3,5,4,5,3,2,4,5,4,Ya,Ya,Ya,Ya,Ya,120000,220000,325000,410000,First visit,2,1500000,7,A local guide telling the stories behind the Batak houses would make it worth it.,
R0019,2026-08-04T00:52:00,497,Ya,International,Europe,45-54,Female,High,Couple,Friends and family,4,4,4,4,4,3,5,4,4,4,2,4,4,4,4,4,Ya,Ya,Ya,Ya,Ya,175000,270000,520000,665000,First visit,6,870000,10,I would pay for an authentic cultural show and hands-on ulos weaving.,
R0020,2026-08-04T01:43:00,657,Ya,International,Other Asia,45-54,Male,Middle,Friends,Google Search,2,3,4,5,,3,5,4,4,4,2,1,2,4,3,5,Ya,Ya,Ya,Ya,Ya,175000,345000,530000,860000,4+ times,8,1350000,10,"Storytelling from the villagers themselves, not a scripted tour.",respondent0020@example.com
R0021,2026-08-04T05:23:00,833,Ya,Domestic,Jakarta,25-34,Female,Middle,Friends,Instagram,1,1,1,1,1,3,2,3,2,4,2,2,2,2,2,1,Ya,Ya,Ya,Tidak,Tidak,55000,100000,160000,210000,2-3 times,1,660000,5,Makan siang khas Batak akan membuat harganya masuk akal.,
R0022,2026-08-04T07:00:00,394,Ya,Domestic,North Sumatra,25-34,Female,Low,Family,Google Search,5,5,5,3,,2,3,4,3,4,5,5,5,4,3,3,Tidak,Tidak,Tidak,Tidak,Tidak,40000,50000,100000,120000,2-3 times,3,620000,7,Terlalu mahal kalau tidak termasuk makan dan transportasi.,respondent0022@example.com
R0023,2026-08-04T07:02:00,590,Ya,International,Malaysia,18-24,Male,Middle,Family,TikTok,2,2,4,3,3,1,4,3,2,4,4,3,2,3,2,3,Ya,Ya,Ya,Ya,Tidak,80000,120000,185000,280000,1 time,3,670000,5,Include a traditional Batak lunch and I am in.,
R0024,2026-08-04T08:21:00,484,Ya,International,Europe,18-24,Male,Middle,Couple,Instagram,3,3,3,5,5,4,4,5,3,4,2,2,3,4,3,3,Ya,Ya,Ya,Ya,Ya,100000,170000,295000,415000,First visit,2,1740000,8,Local food tasting would make it a full experience.,respondent0024@example.com
R0025,2026-08-04T09:19:00,882,Ya,International,Europe,45-54,Female,High,Friends,Google Search,3,4,3,3,3,4,3,1,3,4,1,1,1,3,3,4,Ya,Ya,Ya,Ya,Ya,310000,420000,705000,975000,First visit,2,1190000,9,I would pay for an authentic cultural show and hands-on ulos weaving.,respondent0025@example.com
R0026,2026-08-04T10:50:00,657,Ya,Domestic,North Sumatra,25-34,Female,High,Tour group,Instagram,3,3,2,3,3,3,3,3,3,4,3,3,3,3,2,2,Ya,Ya,Ya,Tidak,Tidak,65000,105000,170000,230000,1 time,1,500000,4,"Harga 150 ribu agak mahal untuk kami sekeluarga, mungkin ada paket keluarga.",
R0027,2026-08-04T11:32:00,675,Ya,Domestic,North Sumatra,25-34,Female,Middle,Family,TikTok,2,2,1,4,2,1,4,3,3,4,2,1,3,3,3,3,Ya,Ya,Ya,Ya,Tidak,60000,115000,205000,285000,First visit,1,580000,7,Pertunjukan tortor dan cerita tentang ulos akan membuat pengalaman ini berharga.,respondent0027@example.com
R0028,2026-08-04T14:13:00,507,Ya,International,Malaysia,35-44,Male,High,Friends,Online travel agent,3,4,4,4,5,4,4,4,5,4,3,2,3,4,4,5,Ya,Ya,Ya,Ya,Ya,200000,350000,590000,695000,2-3 times,5,790000,10,A local guide telling the stories behind the Batak houses would make it worth it.,
R0029,2026-08-04T15:15:00,335,Ya,Domestic,North Sumatra,18-24,Female,Low,Tour group,Friends and family,2,3,3,2,2,3,1,2,2,4,4,3,,3,3,3,Tidak,Ya,Tidak,Tidak,Tidak,35000,75000,110000,155000,First visit,2,260000,6,Kalau harganya 100 ribu saya pasti ikut.,
R0030,2026-08-04T17:04:00,400,Ya,International,Malaysia,35-44,Female,Middle,Friends,Instagram,3,3,3,4,3,3,4,3,4,4,3,3,3,3,4,4,Ya,Ya,Ya,Ya,Ya,180000,365000,480000,775000,First visit,3,770000,10,"Storytelling from the villagers themselves, not a scripted tour.",respondent0030@example.com
R0031,2026-08-04T17:48:00,528,Ya,International,Malaysia,45-54,Female,Middle,Friends,Friends and family,5,4,4,5,3,5,4,3,3,4,5,4,4,1,3,2,Ya,Ya,Ya,Ya,Ya,80000,140000,210000,305000,First visit,6,1430000,6,Getting there from Medan took too long; a shuttle would help a lot.,respondent0031@example.com
R0032,2026-08-04T18:42:00,814,Ya,Domestic,Riau,18-24,Male,Middle,Couple,TikTok,4,3,4,5,4,5,4,4,5,4,3,4,4,4,4,3,Ya,Ya,Ya,Ya,Ya,105000,160000,275000,425000,First visit,2,350000,9,Kalau harganya 100 ribu saya pasti ikut.,
R0033,2026-08-04T18:57:00,350,Ya,International,Australia,55+,Male,Middle,Family,Friends and family,4,4,5,3,4,4,3,3,3,4,4,4,2,4,3,3,Ya,Ya,Ya,Ya,Tidak,80000,130000,195000,270000,1 time,5,1260000,6,"Storytelling from the villagers themselves, not a scripted tour.",
R0034,2026-08-04T20:01:00,495,Ya,Domestic,Riau,25-34,Female,High,Couple,Google Search,1,1,1,2,3,2,3,2,2,4,3,3,3,3,3,4,Tidak,Ya,Tidak,Tidak,Tidak,45000,65000,115000,165000,2-3 times,1,1120000,6,Kalau harganya 100 ribu saya pasti ikut.,
R0035,2026-08-04T20:08:00,97,Ya,International,Australia,18-24,Female,High,Family,Friends and family,3,4,3,2,4,3,3,3,4,4,4,4,2,4,,4,Ya,Ya,Ya,Ya,Tidak,80000,130000,215000,310000,1 time,2,1060000,9,A local guide telling the stories behind the Batak houses would make it worth it.,
R0036,2026-08-04T20:10:00,556,Ya,Domestic,Jakarta,25-34,Male,Middle,Couple,TikTok,2,3,2,1,2,1,1,2,2,4,4,5,5,4,3,4,Tidak,Tidak,Tidak,Tidak,Tidak,30000,45000,80000,120000,First visit,2,440000,8,"Pesan online harus mudah, jangan transfer manual lalu konfirmasi lewat WhatsApp.",
R0037,2026-08-04T20:30:00,870,Ya,International,Other Asia,25-34,Female,Middle,Family,Google Search,3,4,3,1,1,1,1,1,3,4,2,3,3,2,4,3,Ya,Ya,Ya,Ya,Ya,90000,145000,250000,355000,1 time,3,1380000,7,The price is fine if transport from Parapat is included.,
R0038,2026-08-04T20:39:00,699,Ya,Domestic,West Java,25-34,Female,High,Family,Instagram,4,5,5,3,4,3,2,3,4,4,5,4,4,3,3,4,Ya,Ya,Ya,Ya,Tidak,85000,150000,210000,285000,First visit,1,470000,9,Terlalu mahal kalau tidak termasuk makan dan transportasi.,respondent0038@example.com
R0039,2026-08-04T21:25:00,571,Ya,Domestic,North Sumatra,25-34,Female,Low,Family,Google Search,2,1,2,2,2,1,2,2,2,4,3,2,3,2,2,2,Ya,Ya,Ya,Tidak,Tidak,70000,120000,175000,250000,First visit,4,420000,5,"Pesan online harus mudah, jangan transfer manual lalu konfirmasi lewat WhatsApp.",respondent0039@example.com
R0040,2026-08-04T21:28:00,469,Ya,International,Europe,25-34,Female,Middle,Family,Instagram,3,3,4,2,3,3,5,5,5,4,2,1,2,4,3,4,Ya,Ya,Ya,Ya,Ya,245000,330000,530000,795000,4+ times,2,1930000,9,I would pay for an authentic cultural show and hands-on ulos weaving.,
R0041,2026-08-04T21:58:00,509,Ya,Domestic,Jakarta,18-24,Male,Middle,Couple,Instagram,4,4,3,5,3,4,4,5,4,4,4,3,4,3,3,3,Ya,Ya,Ya,Tidak,Tidak,70000,85000,160000,230000,1 time,3,470000,5,"Booking ribet sekali di tempat wisata lain, semoga yang ini bisa bayar pakai QRIS.",
R0042,2026-08-04T23:11:00,434,Ya,International,Singapore,45-54,Female,Middle,Friends,Google Search,3,3,5,3,3,2,4,5,4,4,2,1,1,4,5,5,Ya,Ya,Ya,Ya,Ya,150000,260000,415000,630000,First visit,2,510000,10,"Storytelling from the villagers themselves, not a scripted tour.",
R0043,2026-08-04T23:44:00,342,Ya,Domestic,North Sumatra,18-24,Male,High,Couple,Instagram,3,2,2,3,5,5,4,4,4,4,3,2,3,3,3,4,Ya,Ya,Ya,Ya,Ya,120000,200000,295000,380000,1 time,1,540000,6,Makan siang khas Batak akan membuat harganya masuk akal.,
R0044,2026-08-04T23:51:00,538,Ya,Domestic,North Sumatra,18-24,Female,Low,Couple,TikTok,1,1,2,2,3,2,3,2,2,4,2,2,2,3,2,4,Ya,Ya,Ya,Tidak,Tidak,55000,95000,145000,205000,First visit,1,310000,7,,
R0045,2026-08-05T01:04:00,696,Ya,International,Malaysia,35-44,Male,Middle,Friends,Online travel agent,3,3,3,3,2,2,3,4,2,4,3,4,3,3,4,2,Ya,Ya,Ya,Ya,Tidak,60000,105000,200000,245000,First visit,3,930000,6,A local guide telling the stories behind the Batak houses would make it worth it.,
R0046,2026-08-05T01:10:00,546,Ya,Domestic,Jakarta,35-44,Female,Middle,Friends,Instagram,3,2,3,3,1,1,2,3,4,4,5,3,2,4,3,3,Tidak,Ya,Tidak,Tidak,Tidak,40000,80000,120000,175000,1 time,5,500000,8,,
R0047,2026-08-05T03:44:00,762,Ya,International,Malaysia,55+,Female,Middle,Family,Online travel agent,4,5,4,3,4,3,5,4,5,4,4,2,3,4,3,5,Ya,Ya,Ya,Ya,Ya,90000,150000,215000,285000,1 time,2,1480000,7,"Storytelling from the villagers themselves, not a scripted tour.",
R0048,2026-08-05T04:10:00,573,Ya,Domestic,North Sumatra,25-34,Male,Middle,Friends,Instagram,3,4,3,2,3,2,1,2,3,4,3,4,4,1,2,2,Tidak,Ya,Ya,Tidak,Tidak,50000,90000,160000,220000,2-3 times,3,680000,5,Pertunjukan tortor dan cerita tentang ulos akan membuat pengalaman ini berharga.,
R0049,2026-08-05T06:22:00,341,Ya,Domestic,Other Indonesia,45-54,Male,Low,Family,TikTok,2,3,1,3,3,3,1,1,2,4,4,4,4,3,4,2,Tidak,Tidak,Tidak,Tidak,Tidak,20000,35000,65000,85000,2-3 times,2,510000,4,"Kalau ada cerita sejarah Batak yang dibawakan pemandu lokal, saya mau bayar segitu.",
R0050,2026-08-05T08:59:00,385,Ya,Domestic,North Sumatra,45-54,Female,High,Couple,TikTok,2,3,1,2,2,3,1,3,2,4,3,3,4,3,2,4,Tidak,Ya,Ya,Tidak,Tidak,60000,90000,160000,200000,First visit,2,600000,6,"Tambahkan makanan khas seperti arsik dan mie gomak, pasti lebih menarik.",respondent0050@example.com
R0051,2026-08-05T09:09:00,791,Ya,International,Australia,25-34,Female,High,Solo,Google Search,4,3,3,4,4,3,3,2,2,4,4,3,3,3,2,3,Ya,Ya,Ya,Tidak,Tidak,70000,105000,170000,265000,2-3 times,3,1130000,7,I would pay for an authentic cultural show and hands-on ulos weaving.,
R0052,2026-08-05T09:38:00,262,Ya,Domestic,West Java,25-34,Male,Low,Family,TikTok,4,4,3,4,4,5,3,4,3,4,4,2,4,4,4,5,Ya,Ya,Ya,Tidak,Tidak,65000,115000,175000,250000,First visit,2,320000,10,"Booking ribet sekali di tempat wisata lain, semoga yang ini bisa bayar pakai QRIS.",
R0053,2026-08-05T10:01:00,632,Ya,International,Other Asia,35-44,Female,High,Family,Google Search,1,2,2,2,3,3,2,2,1,4,4,3,4,3,3,3,Ya,Ya,Ya,Ya,Tidak,65000,125000,225000,300000,2-3 times,4,1020000,7,A local guide telling the stories behind the Batak houses would make it worth it.,respondent0053@example.com
R0054,2026-08-05T10:42:00,560,Ya,Domestic,Riau,25-34,Male,Low,Friends,Instagram,5,4,4,4,5,3,4,5,4,4,4,5,3,4,5,4,Ya,Ya,Ya,Tidak,Tidak,55000,100000,140000,205000,First visit,3,410000,10,Kalau harganya 100 ribu saya pasti ikut.,
R0055,2026-08-05T12:26:00,520,Ya,Domestic,Jakarta,35-44,Male,Low,Friends,TikTok,2,1,1,3,1,3,1,1,1,4,4,4,4,2,2,2,Tidak,Tidak,Tidak,Tidak,Tidak,10000,25000,35000,45000,2-3 times,1,730000,4,Pertunjukan tortor dan cerita tentang ulos akan membuat pengalaman ini berharga.,
R0056,2026-08-05T13:47:00,761,Ya,Domestic,Riau,55+,Male,Middle,Friends,Travel agent,3,2,2,4,4,4,3,2,4,4,3,3,3,1,2,2,Tidak,Ya,Tidak,Tidak,Tidak,40000,65000,125000,165000,1 time,2,400000,7,"Kalau ada cerita sejarah Batak yang dibawakan pemandu lokal, saya mau bayar segitu.",
R0057,2026-08-05T14:16:00,479,Ya,Domestic,Other Indonesia,55+,Male,Middle,Family,Instagram,2,4,4,1,3,2,2,2,4,4,4,4,3,2,2,3,Tidak,Ya,Ya,Tidak,Tidak,55000,90000,130000,205000,First visit,1,940000,5,Terlalu mahal kalau tidak termasuk makan dan transportasi.,respondent0057@example.com
R0058,2026-08-05T15:56:00,458,Ya,International,Singapore,25-34,Female,High,Couple,Google Search,5,3,4,3,5,4,3,2,3,4,3,2,3,5,3,5,Ya,Ya,Ya,Ya,Ya,105000,200000,305000,410000,1 time,7,1380000,8,,respondent0058@example.com
R0059,2026-08-05T16:03:00,730,Ya,Domestic,North Sumatra,18-24,Female,High,Friends,Instagram,3,2,3,4,4,4,3,3,3,4,3,3,3,3,3,3,Tidak,Ya,Tidak,Tidak,Tidak,45000,85000,115000,175000,1 time,1,700000,7,"Kalau ada cerita sejarah Batak yang dibawakan pemandu lokal, saya mau bayar segitu.",
R0060,2026-08-05T16:23:00,91,Ya,Domestic,West Java,45-54,Female,High,Family,Friends and family,2,1,3,4,3,3,1,2,3,4,3,3,,2,2,1,Ya,Ya,Ya,Tidak,Tidak,55000,90000,150000,205000,2-3 times,2,590000,5,Terlalu mahal kalau tidak termasuk makan dan transportasi.,
R0061,2026-08-05T17:41:00,341,Ya,Domestic,Riau,35-44,Female,High,Solo,Instagram,4,3,3,4,4,3,3,4,3,4,2,1,2,4,3,4,Ya,Ya,Ya,Ya,Ya,105000,175000,310000,395000,First visit,3,570000,7,Kalau harganya 100 ribu saya pasti ikut.,
R0062,2026-08-06T02:40:00,520,Ya,Domestic,Other Indonesia,45-54,Female,Middle,Family,Travel agent,3,5,3,3,4,3,3,3,3,4,3,3,4,4,2,4,Ya,Ya,Ya,Ya,Tidak,70000,135000,195000,260000,1 time,2,500000,8,,
R0063,2026-08-06T06:06:00,630,Ya,Domestic,Riau,25-34,Female,Low,Couple,Friends and family,2,1,3,2,2,3,2,2,1,4,4,3,4,2,4,1,Tidak,Tidak,Tidak,Tidak,Tidak,40000,55000,85000,130000,1 time,2,680000,6,"Jalan ke sana macet dan rusak, harus ada antar jemput dari Parapat.",
R0064,2026-08-06T08:06:00,782,Ya,Domestic,Other Indonesia,45-54,Male,Low,Friends,TikTok,3,3,4,5,4,2,3,4,3,4,4,4,4,2,3,3,Tidak,Tidak,Tidak,Tidak,Tidak,45000,65000,100000,150000,1 time,4,600000,7,"Harga 150 ribu agak mahal untuk kami sekeluarga, mungkin ada paket keluarga.",
R0065,2026-08-06T12:08:00,841,Ya,International,Malaysia,18-24,Female,Middle,Couple,Instagram,2,4,2,5,3,5,4,3,4,4,4,2,3,2,2,2,Ya,Ya,Ya,Ya,Ya,100000,165000,245000,390000,First visit,6,1440000,5,I would pay for an authentic cultural show and hands-on ulos weaving.,
R0066,2026-08-06T20:23:00,334,Ya,Domestic,West Java,25-34,Male,Middle,Friends,TikTok,3,4,5,5,5,5,4,5,3,4,4,4,3,5,4,4,Ya,Ya,Ya,Ya,Ya,90000,165000,305000,355000,First visit,2,370000,9,"Booking ribet sekali di tempat wisata lain, semoga yang ini bisa bayar pakai QRIS.",
R0067,2026-08-06T22:00:00,380,Ya,International,Malaysia,25-34,Male,High,Couple,Online travel agent,4,4,4,5,4,5,4,3,4,1,5,5,5,4,5,5,Ya,Ya,Ya,Ya,Ya,105000,155000,240000,375000,First visit,2,930000,10,"Storytelling from the villagers themselves, not a scripted tour.",respondent0067@example.com
R0068,2026-08-06T22:04:00,533,Ya,Domestic,Other Indonesia,25-34,Female,Middle,Couple,Google Search,3,2,3,2,3,3,2,2,2,4,3,3,3,2,2,2,Ya,Ya,Ya,Tidak,Tidak,55000,115000,165000,210000,1 time,2,550000,3,"Pesan online harus mudah, jangan transfer manual lalu konfirmasi lewat WhatsApp.",
R0069,2026-08-06T22:51:00,321,Ya,Domestic,Other Indonesia,35-44,Male,Middle,Family,Google Search,3,2,3,3,4,4,3,3,3,4,3,4,3,4,4,3,Tidak,Ya,Tidak,Tidak,Tidak,45000,60000,105000,145000,1 time,3,1020000,5,Pertunjukan tortor dan cerita tentang ulos akan membuat pengalaman ini berharga.,
R0070,2026-08-06T23:51:00,351,Ya,Domestic,Jakarta,25-34,Male,Middle,Tour group,Friends and family,3,3,3,3,3,3,3,3,2,4,3,5,4,3,3,4,Tidak,Ya,Tidak,Tidak,Tidak,35000,65000,120000,145000,1 time,2,520000,7,"Yang penting pemandunya bisa bercerita dengan menarik, bukan hanya jalan-jalan.",
R0071,2026-08-07T01:18:00,591,Ya,International,Other Asia,45-54,Male,High,Friends,Instagram,3,4,3,2,4,5,3,4,4,4,2,3,2,4,4,4,Ya,Ya,Ya,Ya,Ya,165000,255000,430000,535000,4+ times,3,950000,9,"Rp 150,000 is reasonable compared with Bali, but not for a short visit.",
R0072,2026-08-07T01:33:00,848,Ya,International,Malaysia,45-54,Female,High,Family,Google Search,4,3,4,2,3,2,3,3,3,4,3,3,1,4,5,4,Ya,Ya,Ya,Ya,Ya,105000,200000,315000,430000,First visit,6,1210000,10,I would pay for an authentic cultural show and hands-on ulos weaving.,
R0073,2026-08-07T01:40:00,627,Ya,International,Europe,25-34,Male,Middle,Couple,Online travel agent,4,4,4,4,4,4,4,4,4,4,4,4,4,4,4,4,Ya,Ya,Ya,Ya,Tidak,60000,105000,190000,275000,First visit,2,1420000,8,The ferry schedule was confusing and nobody could tell us the times.,
R0074,2026-08-07T03:01:00,530,Ya,Domestic,Jakarta,35-44,Male,High,Solo,Friends and family,4,4,3,3,3,2,4,3,4,4,3,4,4,3,2,4,Ya,Ya,Ya,Ya,Tidak,75000,105000,190000,260000,1 time,6,590000,7,Terlalu mahal kalau tidak termasuk makan dan transportasi.,
R0075,2026-08-07T03:27:00,861,Ya,International,Singapore,18-24,Male,Middle,Family,Instagram,3,4,4,3,2,4,5,4,4,4,2,2,2,3,4,4,Ya,Ya,Ya,Ya,Ya,665000,330000,645000,805000,4+ times,3,1370000,6,"Rp 150,000 is reasonable compared with Bali, but not for a short visit.",respondent0075@example.com
R0076,2026-08-07T03:35:00,430,Ya,International,Singapore,25-34,Female,Middle,Solo,Friends and family,3,2,2,2,2,2,2,1,2,4,3,3,2,2,1,3,Ya,Ya,Ya,Ya,Tidak,75000,125000,170000,260000,First visit,1,1370000,6,A local guide telling the stories behind the Batak houses would make it worth it.,
R0077,2026-08-07T04:12:00,781,Ya,Domestic,North Sumatra,25-34,Male,Low,Couple,Instagram,3,3,3,3,3,2,2,2,3,4,2,3,3,3,1,1,Tidak,Ya,Tidak,Tidak,Tidak,55000,80000,120000,185000,1 time,1,700000,8,"Jalan ke sana macet dan rusak, harus ada antar jemput dari Parapat.",
R0078,2026-08-07T04:24:00,528,Ya,International,Singapore,35-44,Male,High,Couple,Friends and family,5,4,4,3,4,3,4,4,4,4,4,4,3,3,3,3,Ya,Ya,Ya,Ya,Ya,110000,205000,310000,390000,First visit,4,860000,9,"I want to book and pay online in two steps, not by WhatsApp.",
R0079,2026-08-07T06:23:00,444,Ya,Domestic,North Sumatra,18-24,Female,Low,Solo,Instagram,3,3,5,4,4,5,5,4,4,4,1,2,2,4,4,4,Ya,Ya,Ya,Ya,Ya,90000,145000,270000,385000,1 time,1,870000,10,"Kalau ada cerita sejarah Batak yang dibawakan pemandu lokal, saya mau bayar segitu.",
R0080,2026-08-07T10:10:00,644,Ya,Domestic,West Java,55+,Male,Low,Couple,Instagram,4,4,4,5,3,5,4,4,3,4,4,5,4,4,4,4,Ya,Ya,Ya,Ya,Tidak,55000,140000,190000,260000,First visit,1,350000,6,"Booking ribet sekali di tempat wisata lain, semoga yang ini bisa bayar pakai QRIS.",
R0081,2026-08-07T11:01:00,778,Ya,Domestic,Other Indonesia,18-24,Female,Low,Friends,TikTok,3,3,4,2,1,2,3,3,2,4,4,4,5,2,4,3,Tidak,Tidak,Tidak,Tidak,Tidak,35000,50000,90000,120000,First visit,1,690000,6,Terlalu mahal kalau tidak termasuk makan dan transportasi.,respondent0081@example.com
R0082,2026-08-07T12:27:00,392,Ya,Domestic,North Sumatra,25-34,Female,Low,Couple,Instagram,2,2,3,1,2,1,3,2,2,4,4,4,4,1,2,1,Tidak,Ya,Tidak,Tidak,Tidak,45000,75000,105000,145000,First visit,1,610000,5,Terlalu mahal kalau tidak termasuk makan dan transportasi.,
R0083,2026-08-07T15:05:00,510,Ya,International,Malaysia,18-24,Male,High,Couple,Google Search,2,2,1,4,3,4,4,3,3,4,2,3,3,3,3,2,Ya,Ya,Ya,Ya,Tidak,80000,130000,190000,285000,4+ times,2,870000,8,,
R0084,2026-08-07T17:16:00,703,Ya,International,Other Asia,35-44,Male,Middle,Friends,Google Search,4,3,3,3,4,4,4,5,3,4,2,2,1,3,3,3,Ya,Ya,Ya,Ya,Ya,85000,155000,285000,410000,2-3 times,4,970000,9,The ferry schedule was confusing and nobody could tell us the times.,
R0085,2026-08-07T20:30:00,919,Ya,Domestic,West Java,18-24,Male,High,Tour group,Instagram,1,4,4,4,4,4,4,3,3,4,5,5,4,4,3,3,Ya,Ya,Ya,Tidak,Tidak,65000,100000,165000,260000,First visit,4,760000,7,Terlalu mahal kalau tidak termasuk makan dan transportasi.,
R0086,2026-08-07T22:51:00,484,Ya,Domestic,North Sumatra,18-24,Male,Middle,Couple,Instagram,4,3,3,4,4,5,4,3,4,4,3,3,2,4,5,5,Ya,Ya,Ya,Tidak,Tidak,60000,125000,195000,255000,First visit,2,800000,8,"Jadwal kapal tidak jelas, perlu info yang lebih pasti.",respondent0086@example.com
R0087,2026-08-07T22:57:00,1294,Ya,Domestic,West Java,35-44,Male,Middle,Couple,Instagram,4,3,3,3,3,3,4,3,4,4,1,2,3,2,3,4,Ya,Ya,Ya,Ya,Tidak,70000,110000,215000,305000,2-3 times,2,440000,10,"Kalau ada cerita sejarah Batak yang dibawakan pemandu lokal, saya mau bayar segitu.",respondent0087@example.com
R0088,2026-08-08T00:23:00,775,Ya,Domestic,West Java,18-24,Female,Low,Friends,TikTok,3,2,3,4,4,3,2,2,2,4,3,4,4,2,3,1,Tidak,Tidak,Tidak,Tidak,Tidak,25000,60000,90000,125000,First visit,2,560000,7,"Jalan ke sana macet dan rusak, harus ada antar jemput dari Parapat.",
R0089,2026-08-08T04:33:00,527,Ya,Domestic,Jakarta,45-54,Female,High,Solo,Google Search,3,2,3,2,3,3,4,3,2,4,3,3,2,2,2,2,Ya,Ya,Ya,Ya,Ya,95000,145000,260000,360000,First visit,3,400000,6,"Pesan online harus mudah, jangan transfer manual lalu konfirmasi lewat WhatsApp.",
R0090,2026-08-08T05:47:00,728,Ya,Domestic,Other Indonesia,35-44,Female,Low,Family,Google Search,2,3,3,3,3,3,3,2,3,4,3,4,2,1,2,2,Tidak,Tidak,Tidak,Tidak,Tidak,35000,45000,80000,100000,First visit,1,920000,3,,
R0091,2026-08-08T10:33:00,739,Ya,Domestic,North Sumatra,25-34,Male,High,Family,Instagram,4,4,4,3,2,2,2,2,3,4,5,3,4,3,4,3,Tidak,Ya,Ya,Tidak,Tidak,55000,85000,155000,205000,2-3 times,1,390000,4,"Booking ribet sekali di tempat wisata lain, semoga yang ini bisa bayar pakai QRIS.",
R0092,2026-08-08T11:57:00,673,Ya,International,Europe,25-34,Female,High,Couple,Google Search,3,3,1,1,,3,3,2,2,4,3,3,3,3,2,2,Tidak,Ya,Ya,Tidak,Tidak,50000,85000,135000,205000,First visit,2,1040000,6,"Rp 150,000 is reasonable compared with Bali, but not for a short visit.",
R0093,2026-08-08T14:15:00,859,Ya,Domestic,Other Indonesia,25-34,Female,High,Family,Instagram,3,2,3,3,2,3,3,2,3,4,4,2,4,3,2,2,Tidak,Tidak,Tidak,Tidak,Tidak,40000,55000,100000,135000,First visit,6,700000,6,"Yang penting pemandunya bisa bercerita dengan menarik, bukan hanya jalan-jalan.",
R0094,2026-08-08T14:31:00,532,Ya,Domestic,North Sumatra,18-24,Male,Middle,Couple,Instagram,3,4,4,3,4,3,3,3,2,4,4,3,5,3,3,3,Ya,Ya,Ya,Tidak,Tidak,50000,105000,170000,225000,First visit,1,370000,6,"Jadwal kapal tidak jelas, perlu info yang lebih pasti.",
R0095,2026-08-08T14:48:00,818,Ya,Domestic,Other Indonesia,55+,Male,Low,Couple,Instagram,5,5,5,4,5,4,4,2,3,5,5,5,4,4,3,3,Tidak,Ya,Ya,Tidak,Tidak,45000,80000,135000,215000,First visit,1,290000,5,Makan siang khas Batak akan membuat harganya masuk akal.,
R0096,2026-08-08T17:15:00,655,Ya,Domestic,Other Indonesia,25-34,Male,Middle,Couple,Travel agent,2,2,2,2,2,3,1,1,2,4,4,4,3,1,1,1,Tidak,Tidak,Tidak,Tidak,Tidak,30000,40000,80000,105000,4+ times,1,600000,5,Pertunjukan tortor dan cerita tentang ulos akan membuat pengalaman ini berharga.,
R0097,2026-08-08T17:19:00,625,Ya,International,Europe,18-24,Female,Middle,Family,TikTok,4,4,5,4,4,3,3,4,3,4,3,2,5,4,5,4,Ya,Ya,Ya,Ya,Tidak,75000,115000,180000,275000,1 time,8,1200000,7,"Rp 150,000 is reasonable compared with Bali, but not for a short visit.",respondent0097@example.com
R0098,2026-08-08T17:51:00,673,Ya,Domestic,Other Indonesia,45-54,Female,Middle,Family,Instagram,4,4,3,3,2,2,2,1,1,4,4,3,4,2,1,1,Tidak,Tidak,Tidak,Tidak,Tidak,30000,60000,95000,120000,2-3 times,2,370000,5,Terlalu mahal kalau tidak termasuk makan dan transportasi.,
R0099,2026-08-08T18:10:00,746,Ya,Domestic,Jakarta,35-44,Female,Middle,Solo,Friends and family,1,1,1,2,1,2,2,2,2,4,4,5,4,1,2,1,Tidak,Tidak,Tidak,Tidak,Tidak,30000,55000,80000,110000,First visit,3,390000,3,,
R0100,2026-08-08T20:21:00,1037,Ya,Domestic,North Sumatra,45-54,Male,Low,Family,Friends and family,4,3,3,3,3,3,2,2,3,4,4,5,5,2,1,1,Tidak,Tidak,Tidak,Tidak,Tidak,30000,60000,90000,125000,2-3 times,3,530000,4,"Harga 150 ribu agak mahal untuk kami sekeluarga, mungkin ada paket keluarga.",
R0101,2026-08-09T01:41:00,732,Ya,Domestic,Jakarta,18-24,Female,Middle,Couple,TikTok,2,2,2,3,4,2,3,2,2,4,4,4,3,4,4,3,Tidak,Ya,Tidak,Tidak,Tidak,45000,60000,100000,155000,First visit,2,730000,8,,respondent0101@example.com
R0102,2026-08-09T09:45:00,485,Ya,Domestic,West Java,45-54,Male,High,Friends,Friends and family,5,3,5,1,4,2,2,4,2,4,4,5,5,2,2,2,Tidak,Tidak,Tidak,Tidak,Tidak,30000,50000,85000,125000,4+ times,6,770000,5,Kalau harganya 100 ribu saya pasti ikut.,
R0103,2026-08-09T10:53:00,576,Ya,Domestic,Other Indonesia,18-24,Male,Low,Solo,TikTok,3,3,4,4,3,3,2,2,3,4,4,4,3,1,2,1,Tidak,Tidak,Tidak,Tidak,Tidak,35000,55000,80000,135000,1 time,1,930000,4,,
R0104,2026-08-09T11:47:00,979,Ya,Domestic,Other Indonesia,35-44,Male,Middle,Couple,Friends and family,3,4,4,2,2,1,2,2,3,4,4,4,4,3,2,2,Tidak,Ya,Ya,Tidak,Tidak,45000,85000,140000,190000,1 time,1,310000,5,Kalau harganya 100 ribu saya pasti ikut.,
R0105,2026-08-09T13:14:00,498,Ya,Domestic,Riau,25-34,Male,High,Family,Google Search,4,3,3,1,2,3,4,2,2,4,3,3,4,2,2,2,Ya,Ya,Ya,Tidak,Tidak,65000,110000,160000,230000,First visit,10,480000,5,Pertunjukan tortor dan cerita tentang ulos akan membuat pengalaman ini berharga.,respondent0105@example.com
R0106,2026-08-09T15:02:00,790,Ya,Domestic,North Sumatra,35-44,Female,Middle,Tour group,Travel agent,4,3,3,3,2,3,3,3,5,4,1,2,3,4,4,5,Ya,Ya,Ya,Ya,Tidak,85000,135000,190000,255000,2-3 times,2,490000,9,Pertunjukan tortor dan cerita tentang ulos akan membuat pengalaman ini berharga.,
R0107,2026-08-09T23:34:00,602,Ya,Domestic,North Sumatra,18-24,Female,Middle,Couple,TikTok,2,3,3,3,3,3,1,1,1,4,4,3,4,3,3,2,Tidak,Ya,Ya,Tidak,Tidak,55000,80000,120000,200000,1 time,1,710000,6,"Harga 150 ribu agak mahal untuk kami sekeluarga, mungkin ada paket keluarga.",respondent0107@example.com
R0108,2026-08-10T01:27:00,318,Ya,Domestic,North Sumatra,25-34,Female,Middle,Couple,Friends and family,3,4,5,1,2,2,1,1,3,4,4,3,3,2,2,2,Tidak,Ya,Ya,Tidak,Tidak,50000,80000,140000,190000,2-3 times,4,290000,7,"Booking ribet sekali di tempat wisata lain, semoga yang ini bisa bayar pakai QRIS.",
R0109,2026-08-10T05:13:00,787,Ya,Domestic,Jakarta,35-44,Male,Low,Friends,TikTok,3,4,5,3,3,4,3,4,4,4,3,3,2,2,3,3,Ya,Ya,Ya,Ya,Ya,105000,190000,280000,415000,First visit,4,550000,8,"Jalan ke sana macet dan rusak, harus ada antar jemput dari Parapat.",respondent0109@example.com
R0110,2026-08-10T09:30:00,496,Ya,Domestic,Other Indonesia,45-54,Male,Middle,Couple,Instagram,4,4,4,5,5,5,4,4,3,4,2,1,2,5,5,5,Ya,Ya,Ya,Ya,Ya,110000,245000,365000,480000,1 time,3,390000,9,"Booking ribet sekali di tempat wisata lain, semoga yang ini bisa bayar pakai QRIS.",
R0111,2026-08-10T09:39:00,473,Ya,Domestic,North Sumatra,25-34,Male,Middle,Family,Instagram,2,3,3,2,3,3,2,3,2,4,3,2,3,4,3,3,Tidak,Ya,Tidak,Tidak,Tidak,40000,65000,115000,170000,First visit,2,580000,8,Pertunjukan tortor dan cerita tentang ulos akan membuat pengalaman ini berharga.,
R0112,2026-08-10T11:21:00,476,Ya,Domestic,Riau,25-34,Male,Low,Couple,Instagram,4,3,5,3,3,3,1,2,2,4,5,4,5,4,3,4,Tidak,Tidak,Tidak,Tidak,Tidak,25000,45000,85000,115000,First visit,4,720000,7,Terlalu mahal kalau tidak termasuk makan dan transportasi.,
R0113,2026-08-10T12:14:00,783,Ya,Domestic,Jakarta,25-34,Female,Low,Friends,TikTok,2,2,2,5,5,5,2,5,3,4,4,5,5,2,4,2,Tidak,Ya,Tidak,Tidak,Tidak,35000,70000,120000,170000,First visit,1,670000,7,Kalau harganya 100 ribu saya pasti ikut.,
R0114,2026-08-10T12:15:00,887,Ya,Domestic,North Sumatra,45-54,Female,Middle,Couple,Friends and family,3,2,3,5,5,4,3,4,4,4,2,2,2,3,3,4,Ya,Ya,Ya,Ya,Ya,105000,170000,290000,430000,First visit,1,350000,10,"Jalan ke sana macet dan rusak, harus ada antar jemput dari Parapat.",
R0115,2026-08-10T12:18:00,580,Ya,International,Europe,55+,Male,High,Couple,Online travel agent,3,3,3,3,3,3,3,3,3,4,3,3,3,3,3,3,Ya,Ya,Ya,Ya,Ya,80000,175000,280000,325000,First visit,5,1000000,7,,respondent0115@example.com
R0116,2026-08-10T13:25:00,375,Ya,Domestic,Jakarta,25-34,Male,Middle,Couple,Friends and family,3,4,4,1,2,2,3,3,2,4,3,4,3,3,3,5,Tidak,Ya,Tidak,Tidak,Tidak,35000,70000,110000,155000,First visit,1,340000,7,"Jadwal kapal tidak jelas, perlu info yang lebih pasti.",
R0117,2026-08-10T17:36:00,1030,Ya,International,Malaysia,35-44,Female,Middle,Family,Friends and family,3,5,4,4,3,4,2,3,3,4,2,4,2,3,3,4,Ya,Ya,Ya,Ya,Ya,130000,205000,360000,530000,2-3 times,2,1430000,8,Getting there from Medan took too long; a shuttle would help a lot.,respondent0117@example.com
R0118,2026-08-10T17:39:00,757,Ya,International,Other Asia,35-44,Female,High,Solo,Instagram,5,3,4,4,5,4,4,3,3,4,2,2,2,3,3,3,Ya,Ya,Ya,Ya,Ya,180000,270000,430000,590000,2-3 times,2,990000,6,"Rp 150,000 is reasonable compared with Bali, but not for a short visit.",
R0119,2026-08-10T19:55:00,439,Ya,Domestic,Jakarta,18-24,Female,Middle,Friends,TikTok,4,5,4,2,2,3,4,6,2,4,2,3,3,2,3,2,Ya,Ya,Ya,Ya,Ya,75000,160000,225000,355000,First visit,2,280000,4,Terlalu mahal kalau tidak termasuk makan dan transportasi.,
R0120,2026-08-10T23:02:00,483,Ya,Domestic,Jakarta,35-44,Male,Low,Family,Travel agent,3,2,3,2,3,4,3,3,3,4,2,4,3,3,3,2,Ya,Ya,Ya,Tidak,Tidak,50000,110000,155000,205000,1 time,9,720000,6,"Kalau ada cerita sejarah Batak yang dibawakan pemandu lokal, saya mau bayar segitu.",
R0121,2026-08-10T23:39:00,542,Ya,International,Other Asia,25-34,Female,Middle,Couple,Google Search,5,4,4,4,3,2,3,4,3,4,4,4,3,3,3,4,Ya,Ya,Ya,Ya,Ya,100000,240000,315000,510000,2-3 times,5,770000,7,A local guide telling the stories behind the Batak houses would make it worth it.,respondent0121@example.com
R0122,2026-08-10T23:48:00,436,Ya,International,Malaysia,25-34,Male,Middle,Solo,Online travel agent,2,3,3,2,1,1,3,3,3,4,3,4,4,2,4,3,Ya,Ya,Ya,Ya,Tidak,65000,115000,190000,265000,First visit,2,1160000,6,The price is fine if transport from Parapat is included.,respondent0122@example.com
R0123,2026-08-10T23:53:00,378,Ya,Domestic,Jakarta,35-44,Male,Middle,Friends,Instagram,4,5,5,5,5,5,3,3,3,4,5,4,3,4,4,5,Ya,Ya,Ya,Tidak,Tidak,75000,100000,190000,235000,First visit,5,510000,10,"Yang penting pemandunya bisa bercerita dengan menarik, bukan hanya jalan-jalan.",
R0124,2026-08-11T01:39:00,411,Ya,Domestic,North Sumatra,45-54,Male,Middle,Family,TikTok,5,4,4,5,4,4,5,5,5,4,2,2,2,4,5,5,Ya,Ya,Ya,Ya,Ya,125000,245000,375000,560000,1 time,2,490000,8,Pertunjukan tortor dan cerita tentang ulos akan membuat pengalaman ini berharga.,
R0125,2026-08-11T02:02:00,649,Ya,Domestic,North Sumatra,55+,Male,Low,Friends,Friends and family,3,2,3,2,1,2,2,2,2,4,4,5,5,1,1,1,Tidak,Ya,Tidak,Tidak,Tidak,40000,65000,110000,135000,First visit,1,340000,5,,respondent0125@example.com
R0126,2026-08-11T02:21:00,824,Ya,International,Other Asia,25-34,Female,Middle,Friends,Google Search,2,2,3,3,2,1,2,2,1,4,4,3,4,3,2,1,Tidak,Ya,Ya,Tidak,Tidak,45000,105000,150000,205000,First visit,3,2100000,6,A local guide telling the stories behind the Batak houses would make it worth it.,
R0127,2026-08-11T03:32:00,784,Ya,Domestic,North Sumatra,35-44,Female,Middle,Solo,Instagram,2,2,3,5,4,4,4,4,3,4,3,3,2,3,2,3,Ya,Ya,Ya,Ya,Ya,65000,120000,215000,295000,1 time,2,460000,4,"Pesan online harus mudah, jangan transfer manual lalu konfirmasi lewat WhatsApp.",
R0128,2026-08-11T06:44:00,496,Ya,Domestic,North Sumatra,55+,Female,Middle,Friends,Instagram,4,4,5,4,4,2,4,4,5,4,2,3,3,3,3,4,Ya,Ya,Ya,Ya,Ya,155000,250000,385000,480000,1 time,1,410000,7,"Jalan ke sana macet dan rusak, harus ada antar jemput dari Parapat.",
R0129,2026-08-11T06:52:00,731,Ya,Domestic,North Sumatra,18-24,Female,Middle,Solo,Instagram,3,3,3,3,3,2,2,2,2,4,4,4,5,2,1,3,Tidak,Ya,Tidak,Tidak,Tidak,40000,60000,105000,150000,First visit,7,980000,6,"Harga 150 ribu agak mahal untuk kami sekeluarga, mungkin ada paket keluarga.",
R0130,2026-08-11T07:17:00,653,Ya,Domestic,Jakarta,25-34,Male,High,Couple,Friends and family,3,4,3,2,2,3,3,4,3,4,2,4,3,3,3,3,Ya,Ya,Ya,Tidak,Tidak,75000,105000,185000,260000,First visit,2,330000,8,"Jalan ke sana macet dan rusak, harus ada antar jemput dari Parapat.",
R0131,2026-08-11T08:54:00,780,Ya,International,Singapore,45-54,Male,Middle,Couple,Google Search,4,4,3,5,4,4,5,3,4,4,1,3,2,4,3,4,Ya,Ya,Ya,Ya,Ya,190000,330000,450000,715000,First visit,5,820000,8,A local guide telling the stories behind the Batak houses would make it worth it.,
R0132,2026-08-11T10:14:00,308,Ya,Domestic,Jakarta,25-34,Female,Middle,Family,TikTok,1,2,1,2,2,3,3,2,2,4,3,1,2,2,1,2,Ya,Ya,Ya,Ya,Tidak,70000,105000,185000,275000,1 time,3,590000,5,"Kalau ada cerita sejarah Batak yang dibawakan pemandu lokal, saya mau bayar segitu.",
R0133,2026-08-11T11:38:00,335,Ya,International,Malaysia,25-34,Female,High,Tour group,Google Search,3,3,4,2,1,1,4,4,3,4,1,1,1,3,5,4,Ya,Ya,Ya,Ya,Ya,360000,535000,995000,1365000,1 time,3,810000,7,"Online booking in English with card payment, please.",
R0134,2026-08-11T13:03:00,295,Ya,International,Other Asia,45-54,Female,Middle,Family,Friends and family,3,2,3,3,4,4,3,3,2,4,3,4,4,1,2,2,Tidak,Ya,Ya,Tidak,Tidak,45000,90000,135000,200000,1 time,3,950000,6,"Rp 150,000 is reasonable compared with Bali, but not for a short visit.",respondent0134@example.com
R0135,2026-08-11T15:56:00,826,Ya,Domestic,North Sumatra,25-34,Male,Middle,Family,Google Search,3,3,4,3,3,4,3,3,4,4,2,2,3,2,3,3,Ya,Ya,Ya,Ya,Tidak,55000,100000,190000,245000,4+ times,2,430000,7,Makan siang khas Batak akan membuat harganya masuk akal.,
R0136,2026-08-11T18:47:00,523,Ya,Domestic,Riau,25-34,Female,Middle,Solo,Instagram,3,1,2,1,2,2,1,2,1,4,4,4,5,1,2,1,Tidak,Tidak,Tidak,Tidak,Tidak,25000,40000,60000,85000,1 time,4,830000,4,"Kalau ada cerita sejarah Batak yang dibawakan pemandu lokal, saya mau bayar segitu.",respondent0136@example.com
R0137,2026-08-11T18:56:00,606,Ya,Domestic,North Sumatra,35-44,Female,High,Friends,Travel agent,3,3,3,3,4,3,4,3,3,4,5,3,3,5,5,5,Tidak,Ya,Tidak,Tidak,Tidak,35000,75000,120000,155000,First visit,2,470000,9,Makan siang khas Batak akan membuat harganya masuk akal.,
R0138,2026-08-12T02:13:00,370,Ya,International,Australia,25-34,Female,Middle,Friends,Online travel agent,4,4,4,4,2,2,3,2,3,4,2,4,4,3,2,3,Ya,Ya,Ya,Ya,Ya,75000,120000,220000,295000,First visit,4,1320000,8,The ferry schedule was confusing and nobody could tell us the times.,
R0139,2026-08-12T02:40:00,426,Ya,International,Other Asia,18-24,Male,High,Couple,Google Search,3,4,4,3,2,1,3,3,3,4,2,2,1,2,1,2,Ya,Ya,Ya,Ya,Ya,105000,170000,265000,325000,1 time,3,920000,5,The ferry schedule was confusing and nobody could tell us the times.,
R0140,2026-08-12T03:41:00,642,Ya,International,Malaysia,35-44,Female,High,Family,Online travel agent,3,4,5,3,4,4,4,4,3,4,2,2,4,7,4,5,Ya,Ya,Ya,Ya,Ya,115000,220000,350000,445000,2-3 times,4,1530000,10,I would pay for an authentic cultural show and hands-on ulos weaving.,
R0141,2026-08-12T04:43:00,1118,Ya,Domestic,Jakarta,45-54,Male,Middle,Family,Google Search,2,1,2,3,3,4,4,3,4,4,2,3,3,5,4,4,Ya,Ya,Ya,Ya,Ya,95000,130000,220000,320000,First visit,3,730000,10,"Kalau ada cerita sejarah Batak yang dibawakan pemandu lokal, saya mau bayar segitu.",
R0142,2026-08-12T06:40:00,916,Ya,Domestic,Jakarta,25-34,Male,Low,Friends,Instagram,3,3,3,3,4,4,4,3,4,4,4,5,5,4,3,3,Tidak,Tidak,Tidak,Tidak,Tidak,30000,55000,100000,130000,First visit,1,750000,8,Kalau harganya 100 ribu saya pasti ikut.,
R0143,2026-08-12T10:30:00,515,Ya,Domestic,North Sumatra,25-34,Male,Low,Family,Travel agent,1,2,3,4,4,5,4,3,3,4,3,2,3,2,2,2,Ya,Ya,Ya,Tidak,Tidak,65000,100000,175000,215000,First visit,6,640000,4,"Harga 150 ribu agak mahal untuk kami sekeluarga, mungkin ada paket keluarga.",
R0144,2026-08-12T11:34:00,610,Ya,Domestic,North Sumatra,45-54,Female,Middle,Friends,Google Search,4,4,4,4,4,5,3,3,4,4,4,5,3,4,4,5,Ya,Ya,Ya,Ya,Tidak,75000,115000,215000,300000,First visit,2,350000,8,"Yang penting pemandunya bisa bercerita dengan menarik, bukan hanya jalan-jalan.",
R0145,2026-08-12T11:56:00,773,Ya,Domestic,North Sumatra,35-44,Male,Low,Family,Google Search,1,3,2,2,2,1,2,1,1,4,4,5,4,2,2,1,Tidak,Tidak,Tidak,Tidak,Tidak,20000,40000,65000,75000,4+ times,1,240000,2,"Harga 150 ribu agak mahal untuk kami sekeluarga, mungkin ada paket keluarga.",respondent0145@example.com
R0146,2026-08-12T12:07:00,720,Ya,Domestic,Jakarta,35-44,Female,Low,Friends,Google Search,2,3,1,3,3,3,2,3,2,4,5,4,5,3,1,3,Ya,Ya,Ya,Ya,Tidak,80000,145000,225000,310000,First visit,1,620000,7,Kalau harganya 100 ribu saya pasti ikut.,respondent0146@example.com
R0147,2026-08-12T12:21:00,743,Ya,International,Malaysia,35-44,Male,Middle,Friends,Online travel agent,2,2,3,1,1,2,3,2,4,4,1,3,2,3,1,2,Ya,Ya,Ya,Ya,Ya,65000,125000,200000,295000,First visit,2,820000,5,Include a traditional Batak lunch and I am in.,
R0148,2026-08-12T12:51:00,438,Ya,Domestic,North Sumatra,35-44,Male,Low,Family,Instagram,3,4,4,5,5,5,5,5,5,4,3,3,2,3,2,3,Ya,Ya,Ya,Ya,Ya,75000,145000,235000,270000,2-3 times,4,180000,4,"Kalau ada cerita sejarah Batak yang dibawakan pemandu lokal, saya mau bayar segitu.",
R0149,2026-08-12T13:12:00,643,Ya,Domestic,Jakarta,35-44,Female,Low,Couple,Instagram,4,4,4,4,4,5,3,4,5,1,5,5,4,3,2,2,Tidak,Ya,Ya,Tidak,Tidak,60000,95000,140000,185000,First visit,2,700000,7,"Jadwal kapal tidak jelas, perlu info yang lebih pasti.",respondent0149@example.com
R0150,2026-08-12T16:13:00,615,Ya,Domestic,Riau,25-34,Male,Middle,Friends,Instagram,4,4,3,3,4,3,1,1,2,4,4,3,4,2,2,1,Tidak,Tidak,Tidak,Tidak,Tidak,30000,60000,100000,125000,1 time,1,680000,6,"Harga 150 ribu agak mahal untuk kami sekeluarga, mungkin ada paket keluarga.",
R0151,2026-08-12T16:39:00,907,Ya,Domestic,North Sumatra,25-34,Male,Low,Couple,Travel agent,1,4,2,3,3,4,2,3,2,4,5,5,4,2,4,3,Tidak,Tidak,Tidak,Tidak,Tidak,25000,50000,80000,95000,1 time,1,920000,8,"Yang penting pemandunya bisa bercerita dengan menarik, bukan hanya jalan-jalan.",respondent0151@example.com
R0152,2026-08-12T16:45:00,501,Ya,International,Europe,25-34,Female,High,Tour group,Online travel agent,3,4,3,2,2,4,4,4,3,4,2,2,2,4,1,4,Ya,Ya,Ya,Ya,Ya,210000,405000,595000,810000,First visit,4,1400000,7,A local guide telling the stories behind the Batak houses would make it worth it.,respondent0152@example.com
R0153,2026-08-12T16:51:00,656,Ya,Domestic,Other Indonesia,25-34,Male,Middle,Friends,TikTok,2,3,3,2,3,3,3,4,4,4,2,1,3,4,3,4,Ya,Ya,Ya,Tidak,Tidak,50000,115000,150000,240000,First visit,1,550000,7,"Jalan ke sana macet dan rusak, harus ada antar jemput dari Parapat.",
R0154,2026-08-12T17:27:00,583,Ya,International,Singapore,18-24,Male,Middle,Tour group,TikTok,2,2,3,3,5,2,1,1,2,4,4,5,5,1,2,2,Tidak,Tidak,Tidak,Tidak,Tidak,30000,50000,75000,105000,First visit,1,1020000,4,,
R0155,2026-08-12T18:18:00,363,Ya,International,Malaysia,18-24,Female,High,Friends,Instagram,4,2,3,3,4,4,4,4,4,4,2,3,1,3,2,3,Ya,Ya,Ya,Ya,Ya,150000,230000,355000,570000,1 time,2,1570000,7,Include a traditional Batak lunch and I am in.,
R0156,2026-08-13T00:59:00,452,Ya,Domestic,North Sumatra,35-44,Female,Middle,Couple,Friends and family,3,2,3,4,3,3,4,4,5,4,3,2,4,4,3,3,Ya,Ya,Ya,Ya,Ya,95000,190000,265000,415000,First visit,1,330000,7,Makan siang khas Batak akan membuat harganya masuk akal.,
R0157,2026-08-13T02:01:00,439,Ya,Domestic,West Java,18-24,Female,Middle,Couple,TikTok,4,3,3,3,3,2,3,1,3,4,5,3,3,3,2,3,Ya,Ya,Ya,Tidak,Tidak,50000,85000,155000,205000,First visit,2,590000,6,"Kalau ada cerita sejarah Batak yang dibawakan pemandu lokal, saya mau bayar segitu.",respondent0157@example.com
R0158,2026-08-13T02:22:00,707,Ya,Domestic,West Java,25-34,Female,Middle,Tour group,Friends and family,5,4,4,5,5,5,4,5,2,4,4,4,3,4,4,3,Ya,Ya,Ya,Ya,Ya,95000,160000,270000,365000,2-3 times,4,510000,9,"Harga 150 ribu agak mahal untuk kami sekeluarga, mungkin ada paket keluarga.",
R0159,2026-08-13T04:58:00,403,Ya,Domestic,Jakarta,25-34,Female,Middle,Tour group,Instagram,4,4,4,3,5,4,2,1,3,4,3,4,3,3,1,1,Tidak,Ya,Tidak,Tidak,Tidak,50000,85000,135000,160000,1 time,3,1420000,7,,respondent0159@example.com
R0160,2026-08-13T07:39:00,598,Ya,Domestic,North Sumatra,35-44,Female,Low,Family,TikTok,3,3,4,3,3,3,2,3,3,4,4,4,3,3,3,2,Tidak,Ya,Tidak,Tidak,Tidak,35000,80000,115000,155000,First visit,2,760000,9,Terlalu mahal kalau tidak termasuk makan dan transportasi.,
R0161,2026-08-13T07:41:00,339,Ya,International,Europe,35-44,Female,High,Couple,Instagram,5,5,5,3,2,3,5,5,5,4,4,3,3,5,5,5,Ya,Ya,Ya,Ya,Ya,150000,270000,420000,510000,1 time,2,1620000,10,The ferry schedule was confusing and nobody could tell us the times.,
R0162,2026-08-13T09:22:00,587,Ya,International,Malaysia,35-44,Female,Middle,Family,Google Search,2,3,3,3,3,3,4,3,3,4,4,5,5,2,3,3,Tidak,Ya,Tidak,Tidak,Tidak,35000,65000,100000,155000,1 time,3,1350000,6,"Storytelling from the villagers themselves, not a scripted tour.",
R0163,2026-08-13T09:22:00,413,Ya,Domestic,North Sumatra,25-34,Male,Middle,Friends,TikTok,2,3,3,3,3,3,3,3,3,4,3,4,5,3,3,4,Tidak,Ya,Tidak,Tidak,Tidak,45000,80000,115000,155000,1 time,1,860000,7,Terlalu mahal kalau tidak termasuk makan dan transportasi.,respondent0163@example.com
R0164,2026-08-13T10:40:00,644,Ya,Domestic,North Sumatra,18-24,Male,High,Friends,TikTok,4,3,2,3,3,2,2,2,2,4,5,2,4,2,2,3,Tidak,Ya,Tidak,Tidak,Tidak,40000,75000,125000,160000,4+ times,1,540000,6,"Jalan ke sana macet dan rusak, harus ada antar jemput dari Parapat.",
R0165,2026-08-13T10:44:00,764,Ya,Domestic,West Java,25-34,Female,Middle,Solo,Friends and family,2,1,2,4,5,4,5,4,4,4,1,2,3,3,2,2,Ya,Ya,Ya,Ya,Ya,110000,165000,245000,405000,1 time,3,600000,7,"Kalau ada cerita sejarah Batak yang dibawakan pemandu lokal, saya mau bayar segitu.",
R0166,2026-08-13T12:33:00,398,Ya,International,Malaysia,35-44,Female,High,Friends,Google Search,2,1,1,4,3,3,4,3,4,4,1,1,1,3,3,3,Ya,Ya,Ya,Ya,Ya,210000,430000,585000,890000,2-3 times,4,1290000,7,"Rp 150,000 is reasonable compared with Bali, but not for a short visit.",respondent0166@example.com
R0167,2026-08-13T13:00:00,401,Ya,Domestic,Jakarta,35-44,Male,Low,Friends,Instagram,2,2,1,2,3,1,3,2,3,4,3,4,4,2,2,4,Tidak,Ya,Ya,Tidak,Tidak,45000,90000,155000,210000,First visit,1,1590000,5,"Yang penting pemandunya bisa bercerita dengan menarik, bukan hanya jalan-jalan.",
R0168,2026-08-13T14:26:00,663,Ya,Domestic,North Sumatra,25-34,Male,High,Family,Friends and family,1,3,3,3,3,4,2,3,3,4,3,4,5,2,2,2,Tidak,Tidak,Tidak,Tidak,Tidak,30000,55000,95000,140000,1 time,1,580000,4,Terlalu mahal kalau tidak termasuk makan dan transportasi.,respondent0168@example.com
R0169,2026-08-13T15:06:00,416,Ya,Domestic,North Sumatra,18-24,Female,Middle,Friends,TikTok,1,2,2,2,4,4,5,4,4,4,3,2,2,3,4,2,Tidak,Ya,Tidak,Tidak,Tidak,40000,70000,130000,170000,1 time,2,830000,7,Terlalu mahal kalau tidak termasuk makan dan transportasi.,
R0170,2026-08-13T16:57:00,780,Ya,International,Malaysia,25-34,Female,High,Tour group,Google Search,1,2,3,4,3,4,5,4,4,4,4,4,3,3,2,3,Ya,Ya,Ya,Ya,Ya,105000,225000,305000,480000,First visit,3,1130000,9,A local guide telling the stories behind the Batak houses would make it worth it.,respondent0170@example.com
R0171,2026-08-13T17:49:00,478,Ya,Domestic,North Sumatra,25-34,Female,Middle,Couple,Travel agent,3,4,2,4,4,3,2,2,2,4,3,2,3,3,3,2,Tidak,Tidak,Tidak,Tidak,Tidak,35000,65000,110000,135000,1 time,3,530000,6,Pertunjukan tortor dan cerita tentang ulos akan membuat pengalaman ini berharga.,
R0172,2026-08-13T19:21:00,492,Ya,Domestic,North Sumatra,25-34,Female,High,Friends,Travel agent,5,4,4,3,3,2,3,3,4,4,3,4,4,3,4,5,Ya,Ya,Ya,Ya,Ya,95000,150000,230000,310000,2-3 times,2,490000,9,"Yang penting pemandunya bisa bercerita dengan menarik, bukan hanya jalan-jalan.",respondent0172@example.com
R0173,2026-08-13T21:14:00,459,Ya,Domestic,Riau,45-54,Female,Low,Couple,Friends and family,3,4,3,2,3,2,2,2,2,4,4,5,,2,2,2,Ya,Ya,Ya,Tidak,Tidak,55000,90000,150000,200000,2-3 times,5,770000,5,"Harga 150 ribu agak mahal untuk kami sekeluarga, mungkin ada paket keluarga.",
R0174,2026-08-13T22:45:00,322,Ya,International,Malaysia,35-44,Female,Middle,Friends,Friends and family,3,3,4,5,4,3,4,5,4,4,2,2,2,3,4,4,Ya,Ya,Ya,Ya,Ya,130000,180000,325000,475000,First visit,2,1980000,8,I would pay for an authentic cultural show and hands-on ulos weaving.,
R0175,2026-08-13T22:59:00,494,Ya,International,Singapore,55+,Male,High,Family,Online travel agent,5,5,4,4,3,4,4,3,4,4,1,3,2,4,4,3,Ya,Ya,Ya,Ya,Ya,235000,430000,670000,865000,First visit,6,1660000,8,"Storytelling from the villagers themselves, not a scripted tour.",respondent0175@example.com
R0176,2026-08-14T01:48:00,564,Ya,Domestic,Riau,18-24,Male,Middle,Friends,TikTok,4,5,4,4,3,4,3,2,4,4,2,2,3,4,5,4,Tidak,Ya,Ya,Tidak,Tidak,55000,85000,160000,215000,2-3 times,3,680000,7,Pertunjukan tortor dan cerita tentang ulos akan membuat pengalaman ini berharga.,respondent0176@example.com
R0177,2026-08-14T03:07:00,712,Ya,International,Singapore,35-44,Female,Middle,Family,Google Search,4,2,4,1,2,1,3,3,3,4,3,2,2,4,4,4,Ya,Ya,Ya,Ya,Ya,80000,145000,265000,345000,1 time,2,1230000,7,The price is fine if transport from Parapat is included.,respondent0177@example.com
R0178,2026-08-14T04:37:00,576,Ya,International,Malaysia,25-34,Female,Middle,Family,Online travel agent,2,3,2,2,2,2,3,2,2,4,2,2,2,4,3,2,Ya,Ya,Ya,Ya,Ya,100000,155000,255000,405000,1 time,4,1070000,6,I would pay for an authentic cultural show and hands-on ulos weaving.,
R0179,2026-08-14T04:46:00,399,Ya,Domestic,North Sumatra,18-24,Male,Low,Family,Instagram,2,3,4,3,3,3,1,2,2,2,2,3,2,2,2,1,Tidak,Ya,Tidak,Tidak,Tidak,50000,70000,125000,160000,First visit,2,170000,7,,
R0180,2026-08-14T04:59:00,449,Ya,International,Malaysia,45-54,Female,Middle,Couple,Google Search,5,5,5,2,4,3,5,4,5,4,4,3,2,4,4,3,Ya,Ya,Ya,Ya,Ya,190000,305000,450000,675000,First visit,2,990000,9,I would pay for an authentic cultural show and hands-on ulos weaving.,respondent0180@example.com
R0181,2026-08-14T07:38:00,441,Ya,International,Australia,18-24,Female,Middle,Solo,Instagram,5,3,5,3,4,3,4,3,4,4,2,2,1,5,5,4,Ya,Ya,Ya,Ya,Ya,120000,155000,290000,390000,First visit,5,1420000,10,Local food tasting would make it a full experience.,
R0182,2026-08-14T14:25:00,662,Ya,Domestic,North Sumatra,18-24,Male,High,Family,Instagram,4,4,3,1,2,1,4,2,2,4,3,4,3,2,2,2,Tidak,Ya,Tidak,Tidak,Tidak,50000,80000,130000,160000,First visit,2,400000,5,"Jalan ke sana macet dan rusak, harus ada antar jemput dari Parapat.",
R0183,2026-08-14T15:18:00,491,Ya,Domestic,West Java,35-44,Male,High,Family,Instagram,3,3,3,2,2,3,3,3,4,4,3,3,2,3,3,3,Ya,Ya,Ya,Ya,Ya,130000,220000,360000,565000,First visit,2,460000,7,,
R0184,2026-08-14T16:14:00,499,Ya,International,Australia,35-44,Female,High,Couple,Online travel agent,3,3,3,3,4,4,3,2,3,4,2,3,3,2,4,3,Tidak,Ya,Ya,Tidak,Tidak,65000,110000,150000,225000,4+ times,8,1570000,8,The price is fine if transport from Parapat is included.,
R0185,2026-08-15T00:45:00,745,Ya,Domestic,Jakarta,25-34,Female,Low,Couple,TikTok,5,4,4,3,4,4,5,4,5,4,5,3,4,2,3,2,Ya,Ya,Ya,Ya,Tidak,65000,130000,180000,245000,1 time,1,520000,9,"Kalau ada cerita sejarah Batak yang dibawakan pemandu lokal, saya mau bayar segitu.",respondent0185@example.com
R0186,2026-08-15T01:01:00,586,Ya,International,Europe,25-34,Male,Middle,Family,Google Search,3,4,3,2,3,4,5,3,4,4,3,4,2,3,2,2,Ya,Ya,Ya,Ya,Ya,80000,140000,230000,335000,2-3 times,4,1800000,7,I would pay for an authentic cultural show and hands-on ulos weaving.,respondent0186@example.com
R0187,2026-08-15T01:17:00,1408,Ya,Domestic,Riau,35-44,Female,Low,Family,Friends and family,1,1,1,2,2,2,3,2,3,4,4,3,3,3,2,3,Tidak,Tidak,Tidak,Tidak,Tidak,25000,45000,75000,95000,First visit,2,620000,7,"Kalau ada cerita sejarah Batak yang dibawakan pemandu lokal, saya mau bayar segitu.",
R0188,2026-08-15T03:47:00,539,Ya,Domestic,Riau,25-34,Male,Middle,Friends,Travel agent,2,2,3,3,4,4,2,3,3,4,3,4,4,1,2,4,Tidak,Ya,Tidak,Tidak,Tidak,35000,80000,135000,170000,First visit,4,720000,7,"Jadwal kapal tidak jelas, perlu info yang lebih pasti.",
R0189,2026-08-15T05:16:00,332,Ya,Domestic,Jakarta,35-44,Female,Middle,Family,Google Search,3,3,2,2,1,3,2,1,1,4,5,5,5,1,1,1,Tidak,Tidak,Tidak,Tidak,Tidak,25000,35000,60000,80000,4+ times,2,590000,4,Terlalu mahal kalau tidak termasuk makan dan transportasi.,
R0190,2026-08-15T06:41:00,393,Ya,International,Malaysia,25-34,Female,High,Friends,Instagram,3,3,2,2,1,1,3,2,2,4,1,3,1,2,3,3,Ya,Ya,Ya,Ya,Ya,105000,185000,300000,410000,First visit,3,850000,7,The price is fine if transport from Parapat is included.,
R0191,2026-08-15T07:27:00,637,Ya,Domestic,West Java,45-54,Male,Middle,Couple,Friends and family,4,3,3,3,3,4,2,3,1,4,3,5,3,1,4,3,Tidak,Ya,Tidak,Tidak,Tidak,40000,80000,115000,160000,1 time,2,1010000,7,"Jalan ke sana macet dan rusak, harus ada antar jemput dari Parapat.",
R0192,2026-08-15T09:31:00,461,Ya,International,Europe,18-24,Female,Middle,Friends,TikTok,4,4,4,3,3,2,2,3,2,4,3,5,4,3,4,3,Ya,Ya,Ya,Ya,Ya,100000,175000,275000,380000,2-3 times,2,1560000,6,A local guide telling the stories behind the Batak houses would make it worth it.,
R0193,2026-08-15T12:20:00,122,Ya,Domestic,North Sumatra,25-34,Male,High,Couple,Instagram,3,4,3,4,3,5,3,3,2,4,4,4,5,5,5,4,Ya,Ya,Ya,Tidak,Tidak,55000,110000,150000,210000,4+ times,2,620000,10,,
R0194,2026-08-15T14:49:00,582,Ya,International,Australia,35-44,Male,High,Friends,Google Search,3,3,3,2,2,1,2,1,3,4,4,4,4,2,2,3,Ya,Ya,Ya,Ya,Tidak,75000,115000,200000,300000,1 time,4,1240000,7,I would pay for an authentic cultural show and hands-on ulos weaving.,
R0195,2026-08-15T15:47:00,779,Ya,Domestic,Other Indonesia,25-34,Female,High,Couple,Google Search,3,3,3,3,3,3,3,3,3,4,3,3,3,3,3,3,Ya,Ya,Ya,Ya,Tidak,70000,135000,185000,275000,First visit,3,1420000,5,"Kalau ada cerita sejarah Batak yang dibawakan pemandu lokal, saya mau bayar segitu.",
R0196,2026-08-15T17:22:00,721,Ya,Domestic,Riau,35-44,Male,Low,Tour group,Instagram,3,2,4,1,1,2,3,4,4,4,4,4,4,4,4,3,Tidak,Ya,Tidak,Tidak,Tidak,40000,75000,125000,160000,First visit,2,400000,7,"Jalan ke sana macet dan rusak, harus ada antar jemput dari Parapat.",
R0197,2026-08-15T19:28:00,387,Ya,Domestic,North Sumatra,45-54,Male,Middle,Friends,Instagram,3,1,1,3,4,4,4,4,4,4,4,3,3,3,4,3,Ya,Ya,Ya,Tidak,Tidak,45000,105000,170000,200000,4+ times,3,350000,8,"Jadwal kapal tidak jelas, perlu info yang lebih pasti.",
R0198,2026-08-15T20:50:00,983,Ya,International,Singapore,35-44,Male,Middle,Couple,Google Search,3,3,3,5,,4,4,3,3,4,5,3,3,4,4,5,Ya,Ya,Ya,Ya,Ya,60000,135000,225000,310000,First visit,2,1100000,10,"I want to book and pay online in two steps, not by WhatsApp.",respondent0198@example.com
R0199,2026-08-15T21:05:00,507,Ya,Domestic,Riau,45-54,Female,Middle,Family,TikTok,2,2,2,1,2,2,3,1,1,4,3,3,3,2,1,1,Tidak,Tidak,Tidak,Tidak,Tidak,35000,60000,95000,135000,2-3 times,5,610000,6,"Tambahkan makanan khas seperti arsik dan mie gomak, pasti lebih menarik.",
R0200,2026-08-15T21:33:00,879,Ya,International,Other Asia,35-44,Male,High,Friends,Google Search,3,3,4,3,3,3,4,3,3,4,2,2,2,2,3,2,Ya,Ya,Ya,Ya,Ya,110000,205000,305000,470000,First visit,2,1390000,4,The price is fine if transport from Parapat is included.,
R0201,2026-08-15T21:36:00,625,Ya,Domestic,Jakarta,25-34,Male,Middle,Friends,Instagram,3,3,4,4,4,4,3,4,3,4,3,3,4,3,3,3,Tidak,Ya,Ya,Tidak,Tidak,55000,100000,150000,210000,1 time,4,460000,9,"Yang penting pemandunya bisa bercerita dengan menarik, bukan hanya jalan-jalan.",
R0202,2026-08-15T22:55:00,652,Ya,International,Europe,35-44,Female,Middle,Family,Friends and family,4,3,2,2,3,3,4,4,4,4,3,2,2,4,3,4,Ya,Ya,Ya,Ya,Ya,135000,205000,305000,475000,4+ times,4,880000,8,Include a traditional Batak lunch and I am in.,
R0203,2026-08-15T23:32:00,518,Ya,Domestic,Jakarta,35-44,Female,Middle,Solo,Instagram,3,4,3,3,3,4,4,4,3,4,2,1,2,4,4,5,Ya,Ya,Ya,Ya,Ya,135000,180000,335000,455000,First visit,2,520000,7,"Jadwal kapal tidak jelas, perlu info yang lebih pasti.",
R0204,2026-08-16T00:33:00,104,Ya,Domestic,North Sumatra,55+,Male,Middle,Family,Instagram,3,2,3,3,3,2,5,4,4,4,2,2,2,4,5,4,Ya,Ya,Ya,Ya,Ya,135000,205000,325000,455000,1 time,2,600000,8,"Kalau ada cerita sejarah Batak yang dibawakan pemandu lokal, saya mau bayar segitu.",
R0205,2026-08-16T01:55:00,771,Ya,Domestic,Jakarta,25-34,Male,Middle,Family,Friends and family,4,4,4,4,4,3,3,4,3,4,5,5,5,3,2,4,Ya,Ya,Ya,Ya,Tidak,75000,120000,180000,245000,First visit,3,710000,6,"Kalau ada cerita sejarah Batak yang dibawakan pemandu lokal, saya mau bayar segitu.",
R0206,2026-08-16T03:36:00,741,Ya,Domestic,Jakarta,18-24,Female,Low,Couple,TikTok,1,1,2,1,2,3,4,4,3,4,5,4,4,2,3,3,Tidak,Tidak,Tidak,Tidak,Tidak,25000,65000,85000,125000,First visit,4,510000,6,Makan siang khas Batak akan membuat harganya masuk akal.,
R0207,2026-08-16T04:36:00,612,Ya,Domestic,North Sumatra,25-34,Female,Low,Friends,Instagram,5,3,3,4,3,3,4,3,3,4,3,3,3,4,3,2,Tidak,Ya,Ya,Tidak,Tidak,45000,100000,160000,190000,First visit,3,470000,7,"Yang penting pemandunya bisa bercerita dengan menarik, bukan hanya jalan-jalan.",
R0208,2026-08-16T06:05:00,587,Ya,International,Other Asia,18-24,Female,High,Friends,TikTok,3,4,4,3,3,3,2,3,3,4,3,3,4,2,1,1,Ya,Ya,Ya,Ya,Ya,85000,170000,300000,405000,First visit,3,1760000,5,I would pay for an authentic cultural show and hands-on ulos weaving.,respondent0208@example.com
R0209,2026-08-16T08:09:00,565,Ya,International,Other Asia,25-34,Male,High,Friends,Online travel agent,4,3,3,3,2,2,4,3,3,4,3,4,3,4,4,5,Ya,Ya,Ya,Ya,Ya,95000,185000,295000,430000,First visit,2,1420000,8,Include a traditional Batak lunch and I am in.,
R0210,2026-08-16T08:10:00,377,Ya,International,Europe,18-24,Female,Middle,Family,Google Search,4,4,3,4,3,5,5,4,3,4,2,4,3,4,4,3,Ya,Ya,Ya,Ya,Ya,175000,235000,435000,560000,First visit,2,840000,7,Getting there from Medan took too long; a shuttle would help a lot.,respondent0210@example.com
R0211,2026-08-16T09:27:00,422,Ya,Domestic,North Sumatra,45-54,Female,Low,Tour group,Travel agent,3,3,3,4,2,3,5,5,4,4,4,4,5,5,3,4,Ya,Ya,Ya,Tidak,Tidak,65000,90000,160000,220000,1 time,1,1000000,7,"Kalau ada cerita sejarah Batak yang dibawakan pemandu lokal, saya mau bayar segitu.",
R0212,2026-08-16T10:36:00,361,Ya,Domestic,West Java,35-44,Male,Middle,Family,Google Search,3,3,3,4,3,5,3,3,4,4,4,3,2,5,4,5,Ya,Ya,Ya,Ya,Tidak,85000,145000,195000,255000,2-3 times,2,910000,10,Kalau harganya 100 ribu saya pasti ikut.,
R0213,2026-08-16T12:15:00,60,Ya,Domestic,North Sumatra,25-34,Female,High,Family,Friends and family,4,3,3,3,4,3,4,4,4,4,3,4,2,4,4,5,Ya,Ya,Ya,Ya,Tidak,60000,115000,215000,265000,First visit,2,760000,8,Kalau harganya 100 ribu saya pasti ikut.,
R0214,2026-08-16T13:46:00,796,Ya,Domestic,North Sumatra,45-54,Female,Low,Family,Google Search,3,3,2,3,3,3,2,1,2,4,4,2,3,4,3,2,Tidak,Ya,Tidak,Tidak,Tidak,45000,85000,135000,195000,2-3 times,1,890000,7,Pertunjukan tortor dan cerita tentang ulos akan membuat pengalaman ini berharga.,respondent0214@example.com
R0215,2026-08-16T13:51:00,648,Ya,Domestic,Other Indonesia,45-54,Female,Low,Friends,Travel agent,3,3,4,3,2,3,3,3,3,4,5,5,5,3,3,3,Tidak,Tidak,Tidak,Tidak,Tidak,30000,60000,105000,150000,1 time,1,420000,8,"Harga 150 ribu agak mahal untuk kami sekeluarga, mungkin ada paket keluarga.",
R0216,2026-08-16T14:46:00,672,Ya,Domestic,West Java,18-24,Male,Middle,Friends,Instagram,2,2,1,1,2,3,1,1,1,4,5,4,4,1,1,2,Tidak,Tidak,Tidak,Tidak,Tidak,20000,30000,55000,75000,2-3 times,2,350000,3,"Tambahkan makanan khas seperti arsik dan mie gomak, pasti lebih menarik.",respondent0216@example.com
R0217,2026-08-16T15:14:00,713,Ya,Domestic,North Sumatra,45-54,Female,Low,Solo,Instagram,1,2,1,1,1,1,1,2,1,4,3,4,3,1,1,2,Tidak,Tidak,Tidak,Tidak,Tidak,25000,50000,75000,110000,First visit,3,660000,5,Kalau harganya 100 ribu saya pasti ikut.,
R0218,2026-08-16T18:46:00,723,Ya,Domestic,Other Indonesia,45-54,Female,Middle,Family,Instagram,4,5,4,3,3,3,4,4,3,4,3,4,4,2,3,3,Ya,Ya,Ya,Ya,Tidak,60000,135000,220000,310000,First visit,4,600000,7,"Tambahkan makanan khas seperti arsik dan mie gomak, pasti lebih menarik.",respondent0218@example.com
R0219,2026-08-16T19:18:00,609,Ya,Domestic,North Sumatra,45-54,Male,High,Friends,Friends and family,4,4,5,4,3,4,3,4,3,4,1,3,2,2,2,1,Ya,Ya,Ya,Ya,Ya,90000,175000,230000,305000,2-3 times,2,690000,5,"Kalau ada cerita sejarah Batak yang dibawakan pemandu lokal, saya mau bayar segitu.",
R0220,2026-08-16T19:19:00,468,Ya,Domestic,Jakarta,25-34,Male,High,Family,Instagram,2,2,1,4,4,4,3,4,4,4,2,5,4,4,4,4,Tidak,Ya,Tidak,Tidak,Tidak,35000,70000,115000,150000,First visit,2,370000,6,Kalau harganya 100 ribu saya pasti ikut.,
R0221,2026-08-17T00:00:00,414,Ya,Domestic,North Sumatra,25-34,Female,Middle,Family,Google Search,3,3,3,3,3,3,3,3,3,4,3,3,3,3,3,3,Ya,Ya,Ya,Ya,Ya,90000,155000,240000,370000,2-3 times,1,340000,7,"Jadwal kapal tidak jelas, perlu info yang lebih pasti.",
R0222,2026-08-17T01:03:00,631,Ya,International,Europe,18-24,Female,High,Couple,Instagram,5,5,5,4,4,5,4,4,5,4,4,3,3,4,5,4,Ya,Ya,Ya,Ya,Ya,250000,395000,625000,845000,2-3 times,4,1090000,8,I would pay for an authentic cultural show and hands-on ulos weaving.,
R0223,2026-08-17T09:34:00,657,Ya,Domestic,North Sumatra,18-24,Male,Middle,Solo,TikTok,4,3,3,2,2,2,3,3,2,4,3,3,2,2,3,2,Ya,Ya,Ya,Ya,Ya,90000,170000,240000,355000,First visit,1,340000,5,"Jadwal kapal tidak jelas, perlu info yang lebih pasti.",
R0224,2026-08-17T15:31:00,690,Ya,International,Europe,25-34,Male,High,Family,Instagram,4,4,4,3,5,4,3,4,3,4,4,2,2,3,2,2,Ya,Ya,Ya,Ya,Ya,175000,350000,530000,775000,1 time,7,1210000,6,"Storytelling from the villagers themselves, not a scripted tour.",
R0225,2026-08-17T18:29:00,664,Ya,Domestic,Jakarta,18-24,Female,Middle,Solo,Instagram,2,4,2,3,4,4,3,3,4,4,4,3,4,2,4,1,Tidak,Ya,Ya,Tidak,Tidak,50000,70000,140000,180000,1 time,3,240000,7,"Harga 150 ribu agak mahal untuk kami sekeluarga, mungkin ada paket keluarga.",
R0226,2026-08-17T20:52:00,381,Ya,Domestic,North Sumatra,25-34,Female,Low,Family,Instagram,3,3,2,3,3,3,4,2,2,4,2,2,2,5,,4,Ya,Ya,Ya,Tidak,Tidak,65000,115000,175000,245000,First visit,4,190000,7,"Jadwal kapal tidak jelas, perlu info yang lebih pasti.",respondent0226@example.com
R0227,2026-08-17T21:16:00,587,Ya,Domestic,Other Indonesia,35-44,Male,Middle,Family,TikTok,3,4,3,3,2,3,1,4,4,4,3,3,3,2,3,2,Ya,Ya,Ya,Ya,Ya,75000,130000,220000,350000,First visit,2,430000,6,Pertunjukan tortor dan cerita tentang ulos akan membuat pengalaman ini berharga.,respondent0227@example.com
R0228,2026-08-17T21:45:00,406,Ya,International,Malaysia,45-54,Female,Middle,Family,Google Search,2,2,1,1,2,1,1,2,1,4,3,3,4,2,1,1,Tidak,Ya,Tidak,Tidak,Tidak,40000,65000,115000,145000,First visit,2,940000,3,"Online booking in English with card payment, please.",
R0229,2026-08-17T22:22:00,454,Ya,Domestic,North Sumatra,25-34,Female,Middle,Friends,Google Search,4,4,4,3,2,2,3,3,2,4,4,5,5,2,3,2,Tidak,Ya,Tidak,Tidak,Tidak,45000,60000,105000,155000,First visit,4,860000,8,Pertunjukan tortor dan cerita tentang ulos akan membuat pengalaman ini berharga.,
R0230,2026-08-17T23:44:00,605,Ya,Domestic,North Sumatra,25-34,Male,Low,Couple,Travel agent,5,3,4,5,4,4,4,4,3,4,4,3,3,4,4,5,Ya,Ya,Ya,Ya,Tidak,80000,130000,205000,300000,2-3 times,1,330000,7,"Booking ribet sekali di tempat wisata lain, semoga yang ini bisa bayar pakai QRIS.",
R0231,2026-08-17T23:45:00,559,Ya,Domestic,North Sumatra,45-54,Female,Low,Couple,TikTok,2,4,4,1,2,3,1,2,2,4,4,3,3,1,2,1,Tidak,Tidak,Tidak,Tidak,Tidak,30000,50000,85000,125000,First visit,1,670000,5,"Yang penting pemandunya bisa bercerita dengan menarik, bukan hanya jalan-jalan.",
R0232,2026-08-18T08:15:00,337,Ya,International,Singapore,35-44,Male,Middle,Couple,Instagram,4,3,4,4,3,4,5,4,5,4,4,2,4,2,3,3,Ya,Ya,Ya,Ya,Ya,75000,125000,220000,300000,1 time,2,1400000,6,A local guide telling the stories behind the Batak houses would make it worth it.,
R0233,2026-08-18T08:30:00,539,Ya,Domestic,North Sumatra,25-34,Male,Middle,Solo,TikTok,2,2,3,5,5,3,5,4,5,4,3,3,3,3,3,4,Ya,Ya,Ya,Ya,Ya,80000,175000,235000,360000,First visit,1,830000,7,"Tambahkan makanan khas seperti arsik dan mie gomak, pasti lebih menarik.",
R0234,2026-08-18T08:41:00,369,Ya,Domestic,Other Indonesia,18-24,Male,Low,Friends,TikTok,2,2,1,1,1,1,3,2,4,4,4,4,4,2,2,1,Tidak,Tidak,Tidak,Tidak,Tidak,35000,55000,90000,110000,1 time,1,700000,5,"Booking ribet sekali di tempat wisata lain, semoga yang ini bisa bayar pakai QRIS.",
R0235,2026-08-18T09:07:00,507,Ya,Domestic,North Sumatra,18-24,Female,Low,Tour group,TikTok,3,4,4,1,3,2,1,1,2,4,4,4,5,3,2,2,Tidak,Tidak,Tidak,Tidak,Tidak,25000,45000,75000,100000,First visit,2,500000,5,"Harga 150 ribu agak mahal untuk kami sekeluarga, mungkin ada paket keluarga.",
R0236,2026-08-18T13:15:00,607,Ya,International,Malaysia,55+,Female,Middle,Tour group,Friends and family,3,4,4,4,4,5,5,4,3,4,1,2,2,3,4,3,Ya,Ya,Ya,Ya,Ya,195000,325000,530000,650000,1 time,4,1130000,7,The price is fine if transport from Parapat is included.,
R0237,2026-08-18T13:50:00,337,Ya,International,Singapore,55+,Male,High,Family,Google Search,4,3,4,4,4,4,3,3,4,4,3,3,3,3,3,3,Ya,Ya,Ya,Ya,Ya,115000,200000,280000,425000,First visit,3,1860000,6,,
R0238,2026-08-18T18:55:00,658,Ya,International,Malaysia,35-44,Male,High,Family,Google Search,4,5,5,3,2,3,3,4,3,4,3,1,2,3,2,3,Ya,Ya,Ya,Ya,Ya,130000,275000,410000,505000,First visit,3,1940000,7,Local food tasting would make it a full experience.,respondent0238@example.com
R0239,2026-08-18T19:49:00,499,Ya,International,Malaysia,25-34,Male,Middle,Couple,Friends and family,5,4,5,3,3,4,3,2,2,4,2,3,3,5,4,4,Ya,Ya,Ya,Ya,Ya,130000,195000,350000,490000,First visit,4,740000,9,,
R0240,2026-08-18T20:52:00,735,Ya,International,Malaysia,25-34,Female,High,Solo,Online travel agent,4,5,5,5,4,4,4,3,4,4,4,5,5,3,2,3,Ya,Ya,Ya,Ya,Ya,80000,135000,220000,300000,2-3 times,3,1110000,6,A local guide telling the stories behind the Batak houses would make it worth it.,
R0241,2026-08-19T01:39:00,649,Ya,Domestic,North Sumatra,45-54,Male,Middle,Solo,Friends and family,2,3,4,2,3,1,1,2,2,4,4,5,5,3,3,2,Tidak,Tidak,Tidak,Tidak,Tidak,30000,60000,90000,125000,4+ times,1,400000,4,"Booking ribet sekali di tempat wisata lain, semoga yang ini bisa bayar pakai QRIS.",
R0242,2026-08-19T02:59:00,576,Ya,Domestic,Riau,45-54,Male,Low,Family,Friends and family,5,5,5,5,3,4,3,4,3,4,5,3,3,3,4,4,Ya,Ya,Ya,Ya,Tidak,65000,130000,180000,255000,First visit,6,260000,7,"Kalau ada cerita sejarah Batak yang dibawakan pemandu lokal, saya mau bayar segitu.",respondent0242@example.com
R0243,2026-08-19T04:05:00,1101,Ya,Domestic,North Sumatra,35-44,Male,Middle,Family,Friends and family,2,1,2,2,3,2,2,2,2,4,5,4,5,2,3,2,Tidak,Tidak,Tidak,Tidak,Tidak,25000,45000,60000,85000,1 time,1,530000,6,"Yang penting pemandunya bisa bercerita dengan menarik, bukan hanya jalan-jalan.",
R0244,2026-08-19T05:06:00,415,Ya,International,Other Asia,25-34,Male,Middle,Tour group,Instagram,4,5,4,5,4,4,3,4,3,4,2,1,2,4,3,4,Ya,Ya,Ya,Ya,Ya,180000,315000,470000,645000,2-3 times,8,1540000,10,A local guide telling the stories behind the Batak houses would make it worth it.,
R0245,2026-08-19T07:28:00,521,Ya,Domestic,Riau,35-44,Male,Middle,Family,Instagram,3,3,4,2,1,1,4,3,3,4,3,3,4,4,4,4,Tidak,Ya,Tidak,Tidak,Tidak,45000,90000,125000,190000,1 time,6,440000,10,Makan siang khas Batak akan membuat harganya masuk akal.,
R0246,2026-08-19T08:18:00,496,Ya,Domestic,West Java,25-34,Female,Middle,Family,Google Search,3,3,3,3,2,3,3,4,3,4,3,3,3,2,3,2,Ya,Ya,Ya,Ya,Tidak,65000,100000,175000,235000,First visit,2,390000,4,"Kalau ada cerita sejarah Batak yang dibawakan pemandu lokal, saya mau bayar segitu.",respondent0246@example.com
R0247,2026-08-19T08:24:00,699,Ya,Domestic,North Sumatra,18-24,Female,High,Friends,TikTok,2,3,3,2,2,2,4,4,4,4,5,4,4,3,4,3,Tidak,Ya,Tidak,Tidak,Tidak,40000,75000,105000,155000,First visit,2,560000,6,"Harga 150 ribu agak mahal untuk kami sekeluarga, mungkin ada paket keluarga.",
R0248,2026-08-19T09:11:00,486,Ya,Domestic,Riau,25-34,Male,Middle,Couple,Google Search,3,4,3,4,3,4,4,4,4,4,2,3,2,2,2,3,Ya,Ya,Ya,Ya,Ya,100000,165000,245000,315000,First visit,2,680000,6,Pertunjukan tortor dan cerita tentang ulos akan membuat pengalaman ini berharga.,
R0249,2026-08-19T10:12:00,717,Ya,Domestic,Riau,45-54,Female,Low,Friends,Google Search,4,4,4,4,2,3,4,4,4,2,4,4,4,4,4,3,Tidak,Tidak,Tidak,Tidak,Tidak,30000,60000,105000,130000,2-3 times,8,710000,5,"Yang penting pemandunya bisa bercerita dengan menarik, bukan hanya jalan-jalan.",
R0250,2026-08-19T10:14:00,338,Ya,International,Malaysia,18-24,Female,High,Couple,Instagram,3,3,3,4,3,4,5,4,4,4,2,3,2,5,5,5,Ya,Ya,Ya,Ya,Ya,605000,385000,585000,770000,2-3 times,3,920000,10,I would pay for an authentic cultural show and hands-on ulos weaving.,
R0251,2026-08-19T10:42:00,435,Ya,International,Singapore,18-24,Male,Middle,Friends,TikTok,3,3,4,4,3,3,2,1,4,4,5,3,4,3,3,4,Tidak,Ya,Tidak,Tidak,Tidak,45000,70000,110000,160000,2-3 times,3,1060000,5,I would pay for an authentic cultural show and hands-on ulos weaving.,
R0252,2026-08-19T11:47:00,627,Ya,Domestic,North Sumatra,45-54,Female,Low,Solo,Friends and family,1,2,3,2,4,3,2,2,2,4,2,4,2,3,2,2,Ya,Ya,Ya,Tidak,Tidak,60000,120000,185000,225000,First visit,3,630000,4,"Booking ribet sekali di tempat wisata lain, semoga yang ini bisa bayar pakai QRIS.",
R0253,2026-08-19T12:43:00,449,Ya,Domestic,North Sumatra,45-54,Female,Middle,Tour group,Instagram,1,1,1,2,3,3,2,2,2,4,1,1,1,2,2,2,Ya,Ya,Ya,Ya,Tidak,65000,115000,215000,305000,2-3 times,2,390000,8,Pertunjukan tortor dan cerita tentang ulos akan membuat pengalaman ini berharga.,
R0254,2026-08-19T12:44:00,472,Ya,Domestic,Other Indonesia,18-24,Male,Low,Family,Instagram,1,2,2,1,1,1,1,1,1,4,4,5,5,2,2,2,Tidak,Tidak,Tidak,Tidak,Tidak,15000,25000,40000,55000,First visit,4,700000,4,Kalau harganya 100 ribu saya pasti ikut.,
R0255,2026-08-19T14:13:00,521,Ya,Domestic,West Java,25-34,Male,Low,Couple,Google Search,1,3,1,5,4,4,2,3,3,4,4,4,4,2,2,2,Tidak,Tidak,Tidak,Tidak,Tidak,30000,50000,100000,135000,First visit,3,300000,5,"Tambahkan makanan khas seperti arsik dan mie gomak, pasti lebih menarik.",
R0256,2026-08-19T16:27:00,328,Ya,Domestic,North Sumatra,55+,Male,Low,Friends,TikTok,2,3,3,3,2,2,1,1,1,4,3,4,4,2,1,2,Tidak,Tidak,Tidak,Tidak,Tidak,20000,50000,75000,90000,First visit,2,310000,4,"Jalan ke sana macet dan rusak, harus ada antar jemput dari Parapat.",respondent0256@example.com
R0257,2026-08-19T17:19:00,564,Ya,International,Malaysia,35-44,Male,Middle,Solo,Friends and family,4,4,4,4,4,4,4,4,4,4,4,4,4,4,4,4,Ya,Ya,Ya,Ya,Ya,135000,250000,380000,445000,First visit,2,1010000,10,I would pay for an authentic cultural show and hands-on ulos weaving.,respondent0257@example.com
R0258,2026-08-19T21:49:00,330,Ya,International,Malaysia,25-34,Female,High,Friends,Online travel agent,5,5,4,2,3,4,3,3,4,4,3,3,1,2,4,2,Ya,Ya,Ya,Ya,Ya,140000,210000,325000,475000,4+ times,4,1050000,6,The ferry schedule was confusing and nobody could tell us the times.,respondent0258@example.com
R0259,2026-08-19T22:50:00,410,Ya,Domestic,North Sumatra,55+,Female,High,Tour group,TikTok,5,5,5,4,3,3,3,3,4,4,2,4,3,3,4,3,Ya,Ya,Ya,Ya,Ya,95000,135000,220000,300000,First visit,4,450000,6,Terlalu mahal kalau tidak termasuk makan dan transportasi.,
R0260,2026-08-20T02:54:00,598,Ya,Domestic,West Java,45-54,Female,High,Couple,Travel agent,3,5,4,1,1,1,3,3,3,4,2,2,2,2,3,3,Ya,Ya,Ya,Ya,Tidak,65000,115000,200000,280000,First visit,2,460000,6,"Yang penting pemandunya bisa bercerita dengan menarik, bukan hanya jalan-jalan.",
R0261,2026-08-20T05:16:00,228,Ya,International,Europe,55+,Female,High,Family,Online travel agent,4,3,4,4,4,5,3,3,2,4,4,4,5,4,2,3,Ya,Ya,Ya,Ya,Ya,90000,125000,230000,285000,1 time,1,1240000,7,Include a traditional Batak lunch and I am in.,
R0262,2026-08-20T06:14:00,442,Ya,Domestic,West Java,25-34,Female,Middle,Solo,Travel agent,4,4,4,3,3,3,3,2,3,4,5,3,3,4,3,4,Ya,Ya,Ya,Tidak,Tidak,60000,90000,175000,225000,4+ times,4,390000,9,"Booking ribet sekali di tempat wisata lain, semoga yang ini bisa bayar pakai QRIS.",
R0263,2026-08-20T13:46:00,501,Ya,Domestic,Jakarta,45-54,Female,Low,Friends,Instagram,3,2,4,2,2,2,2,1,2,4,5,5,5,1,2,3,Tidak,Tidak,Tidak,Tidak,Tidak,105000,50000,85000,120000,2-3 times,1,890000,5,"Harga 150 ribu agak mahal untuk kami sekeluarga, mungkin ada paket keluarga.",
R0264,2026-08-20T14:00:00,758,Ya,Domestic,North Sumatra,25-34,Male,Low,Couple,Friends and family,3,4,4,2,4,4,1,1,2,4,2,4,4,1,1,1,Tidak,Ya,Tidak,Tidak,Tidak,35000,70000,105000,145000,1 time,4,430000,5,"Harga 150 ribu agak mahal untuk kami sekeluarga, mungkin ada paket keluarga.",
R0265,2026-08-20T15:07:00,638,Ya,Domestic,Jakarta,55+,Female,High,Couple,Google Search,1,2,4,3,4,2,3,3,3,4,3,3,3,3,3,3,Ya,Ya,Ya,Ya,Tidak,55000,135000,175000,245000,1 time,1,490000,8,"Harga 150 ribu agak mahal untuk kami sekeluarga, mungkin ada paket keluarga.",respondent0265@example.com
R0266,2026-08-20T17:20:00,476,Ya,International,Europe,35-44,Male,Middle,Couple,Instagram,4,5,5,3,2,5,3,2,2,4,3,3,2,5,4,4,Ya,Ya,Ya,Ya,Ya,75000,160000,240000,330000,First visit,5,1170000,8,,
R0267,2026-08-20T17:33:00,694,Ya,Domestic,North Sumatra,25-34,Female,Middle,Couple,Friends and family,5,4,4,3,3,3,3,3,3,4,4,3,2,4,3,2,Ya,Ya,Ya,Ya,Ya,105000,175000,240000,325000,First visit,2,510000,6,"Kalau ada cerita sejarah Batak yang dibawakan pemandu lokal, saya mau bayar segitu.",
R0268,2026-08-20T18:47:00,573,Ya,Domestic,North Sumatra,35-44,Female,Low,Couple,Friends and family,2,1,3,2,2,2,4,3,3,4,4,4,4,1,2,4,Tidak,Ya,Ya,Tidak,Tidak,45000,90000,125000,185000,First visit,2,260000,5,"Yang penting pemandunya bisa bercerita dengan menarik, bukan hanya jalan-jalan.",
R0269,2026-08-20T19:44:00,744,Ya,Domestic,Jakarta,45-54,Male,High,Friends,Google Search,1,1,1,2,1,2,3,5,4,4,4,3,3,4,2,2,Tidak,Ya,Ya,Tidak,Tidak,50000,85000,170000,220000,4+ times,4,350000,7,"Jadwal kapal tidak jelas, perlu info yang lebih pasti.",respondent0269@example.com
R0270,2026-08-20T19:55:00,645,Ya,Domestic,Other Indonesia,35-44,Female,Middle,Family,Instagram,3,5,5,3,4,4,4,4,4,4,2,3,3,4,4,3,Ya,Ya,Ya,Ya,Ya,285000,150000,265000,420000,4+ times,2,780000,8,Terlalu mahal kalau tidak termasuk makan dan transportasi.,respondent0270@example.com
R0271,2026-08-20T22:39:00,648,Ya,International,Australia,25-34,Male,High,Couple,Google Search,3,1,3,3,4,4,3,2,4,4,2,3,2,5,4,4,Ya,Ya,Ya,Ya,Ya,90000,175000,290000,435000,First visit,3,580000,8,Include a traditional Batak lunch and I am in.,
R0272,2026-08-21T01:52:00,432,Ya,Domestic,Other Indonesia,25-34,Male,High,Couple,Friends and family,3,5,4,5,5,5,5,4,5,4,3,3,3,5,5,5,Ya,Ya,Ya,Ya,Ya,260000,435000,565000,855000,First visit,5,620000,9,"Kalau ada cerita sejarah Batak yang dibawakan pemandu lokal, saya mau bayar segitu.",
R0273,2026-08-21T02:43:00,341,Ya,Domestic,Riau,55+,Female,Low,Family,Google Search,1,1,1,2,1,1,1,2,1,4,5,5,4,2,1,1,Tidak,Tidak,Tidak,Tidak,Tidak,15000,30000,40000,60000,1 time,3,670000,5,Terlalu mahal kalau tidak termasuk makan dan transportasi.,
R0274,2026-08-21T03:03:00,514,Ya,Domestic,West Java,35-44,Female,Low,Family,Google Search,5,3,5,4,3,4,3,4,3,4,5,4,5,4,2,4,Tidak,Ya,Tidak,Tidak,Tidak,45000,70000,100000,160000,4+ times,3,780000,6,,
R0275,2026-08-21T06:43:00,659,Ya,International,Singapore,35-44,Female,Middle,Couple,Friends and family,3,2,2,3,2,2,3,3,4,4,4,4,3,4,3,3,Ya,Ya,Ya,Tidak,Tidak,65000,85000,150000,225000,2-3 times,4,1320000,8,,respondent0275@example.com
R0276,2026-08-21T07:08:00,729,Ya,Domestic,North Sumatra,55+,Male,High,Friends,Friends and family,2,3,4,2,3,3,4,3,3,4,2,3,2,5,,3,Ya,Ya,Ya,Ya,Tidak,65000,125000,195000,290000,First visit,5,950000,7,"Jalan ke sana macet dan rusak, harus ada antar jemput dari Parapat.",respondent0276@example.com
R0277,2026-08-21T09:14:00,707,Ya,International,Malaysia,55+,Male,Middle,Friends,Instagram,3,2,3,3,4,3,3,3,3,4,2,1,2,4,3,4,Ya,Ya,Ya,Ya,Ya,120000,210000,305000,420000,First visit,5,3070000,7,The price is fine if transport from Parapat is included.,
R0278,2026-08-21T12:58:00,720,Ya,Domestic,Riau,25-34,Female,High,Couple,Google Search,5,4,3,4,4,4,3,3,3,4,2,3,2,1,4,2,Ya,Ya,Ya,Ya,Ya,85000,135000,265000,330000,2-3 times,1,1010000,6,,
R0279,2026-08-21T19:11:00,530,Ya,International,Europe,35-44,Male,High,Family,Google Search,3,3,3,3,2,2,3,2,3,4,1,1,2,4,4,3,Ya,Ya,Ya,Ya,Ya,150000,235000,405000,535000,First visit,2,1680000,9,"Rp 150,000 is reasonable compared with Bali, but not for a short visit.",
R0280,2026-08-21T20:55:00,490,Ya,Domestic,Riau,35-44,Female,Low,Couple,Travel agent,2,3,3,3,4,3,3,4,3,4,4,5,4,3,4,3,Ya,Ya,Ya,Ya,Tidak,60000,105000,205000,280000,4+ times,2,350000,6,Kalau harganya 100 ribu saya pasti ikut.,
R0281,2026-08-21T20:59:00,425,Ya,Domestic,North Sumatra,55+,Male,Middle,Couple,Google Search,5,5,5,3,3,5,4,4,3,4,5,5,,4,3,4,Tidak,Ya,Ya,Tidak,Tidak,45000,90000,145000,215000,1 time,2,800000,7,Terlalu mahal kalau tidak termasuk makan dan transportasi.,
R0282,2026-08-21T21:12:00,592,Ya,Domestic,West Java,45-54,Female,Middle,Couple,Friends and family,3,4,2,2,2,2,2,3,1,4,4,5,5,2,4,3,Tidak,Tidak,Tidak,Tidak,Tidak,40000,65000,80000,125000,First visit,2,320000,8,"Kalau ada cerita sejarah Batak yang dibawakan pemandu lokal, saya mau bayar segitu.",
R0283,2026-08-22T02:16:00,788,Ya,Domestic,Jakarta,45-54,Male,Low,Couple,Instagram,4,5,5,5,5,5,5,4,5,4,4,5,4,4,5,5,Tidak,Ya,Tidak,Tidak,Tidak,35000,85000,125000,170000,2-3 times,5,680000,7,"Yang penting pemandunya bisa bercerita dengan menarik, bukan hanya jalan-jalan.",
R0284,2026-08-22T02:40:00,700,Ya,Domestic,North Sumatra,18-24,Female,Low,Family,TikTok,1,3,3,1,1,1,1,2,3,4,1,2,2,1,1,1,Ya,Ya,Ya,Ya,Ya,85000,150000,215000,315000,First visit,1,800000,6,"Yang penting pemandunya bisa bercerita dengan menarik, bukan hanya jalan-jalan.",respondent0284@example.com
R0285,2026-08-22T04:14:00,595,Ya,International,Australia,25-34,Female,Middle,Couple,Google Search,2,3,2,3,3,4,4,5,4,4,4,3,4,2,3,3,Ya,Ya,Ya,Ya,Ya,65000,130000,210000,290000,First visit,2,1360000,7,"I want to book and pay online in two steps, not by WhatsApp.",
R0286,2026-08-22T04:58:00,521,Ya,Domestic,North Sumatra,25-34,Female,High,Friends,Instagram,2,2,3,3,3,3,4,4,3,4,2,2,2,1,1,1,Ya,Ya,Ya,Ya,Ya,75000,130000,240000,280000,First visit,2,340000,4,"Pesan online harus mudah, jangan transfer manual lalu konfirmasi lewat WhatsApp.",
R0287,2026-08-22T06:31:00,554,Ya,Domestic,North Sumatra,25-34,Female,High,Family,Instagram,2,3,2,2,3,1,2,2,2,4,3,2,3,2,3,2,Ya,Ya,Ya,Tidak,Tidak,70000,130000,195000,225000,1 time,1,1010000,8,Kalau harganya 100 ribu saya pasti ikut.,
R0288,2026-08-22T07:06:00,532,Ya,Domestic,Other Indonesia,25-34,Male,High,Solo,TikTok,4,4,4,4,4,4,4,4,4,4,4,4,4,4,4,4,Tidak,Ya,Ya,Tidak,Tidak,60000,90000,165000,220000,2-3 times,1,440000,10,"Yang penting pemandunya bisa bercerita dengan menarik, bukan hanya jalan-jalan.",
R0289,2026-08-22T08:54:00,937,Ya,Domestic,West Java,35-44,Female,Middle,Couple,Friends and family,3,3,2,3,3,3,4,4,4,4,4,3,3,4,3,4,Ya,Ya,Ya,Tidak,Tidak,70000,95000,180000,250000,First visit,1,580000,8,Pertunjukan tortor dan cerita tentang ulos akan membuat pengalaman ini berharga.,
R0290,2026-08-22T10:14:00,486,Ya,International,Singapore,35-44,Female,Middle,Friends,Online travel agent,3,4,3,4,4,4,3,1,2,4,2,3,3,3,4,4,Ya,Ya,Ya,Ya,Ya,100000,180000,295000,410000,2-3 times,4,1240000,8,"Rp 150,000 is reasonable compared with Bali, but not for a short visit.",
R0291,2026-08-22T10:20:00,436,Ya,International,Singapore,25-34,Male,High,Solo,Google Search,3,3,3,2,4,3,3,3,1,4,5,3,4,3,2,3,Ya,Ya,Ya,Ya,Ya,100000,140000,280000,340000,2-3 times,4,760000,7,"Rp 150,000 is reasonable compared with Bali, but not for a short visit.",
R0292,2026-08-22T13:47:00,759,Ya,International,Singapore,25-34,Female,Middle,Family,Friends and family,3,2,3,1,2,1,1,1,1,4,3,1,2,2,2,1,Ya,Ya,Ya,Ya,Tidak,70000,115000,200000,245000,1 time,3,1260000,8,,respondent0292@example.com
R0293,2026-08-22T17:42:00,321,Ya,Domestic,North Sumatra,45-54,Female,High,Couple,Friends and family,3,3,3,3,3,3,3,3,3,4,3,3,3,3,3,3,Tidak,Ya,Tidak,Tidak,Tidak,40000,70000,120000,170000,First visit,2,730000,6,"Harga 150 ribu agak mahal untuk kami sekeluarga, mungkin ada paket keluarga.",
R0294,2026-08-22T20:14:00,475,Ya,International,Malaysia,25-34,Female,High,Friends,Online travel agent,3,3,2,3,1,2,3,2,2,4,1,1,1,4,2,2,Ya,Ya,Ya,Ya,Ya,125000,200000,350000,460000,First visit,4,1050000,7,"Storytelling from the villagers themselves, not a scripted tour.",
R0295,2026-08-22T21:45:00,254,Ya,Domestic,Other Indonesia,45-54,Female,Middle,Couple,Instagram,3,2,2,2,3,2,2,3,3,4,3,2,3,3,3,3,Tidak,Tidak,Tidak,Tidak,Tidak,30000,65000,95000,140000,1 time,1,390000,6,Pertunjukan tortor dan cerita tentang ulos akan membuat pengalaman ini berharga.,
R0296,2026-08-22T23:09:00,856,Ya,Domestic,West Java,18-24,Female,Low,Friends,Google Search,3,4,3,3,3,1,1,2,3,4,5,5,5,2,2,2,Tidak,Ya,Tidak,Tidak,Tidak,40000,70000,125000,160000,First visit,2,830000,5,"Booking ribet sekali di tempat wisata lain, semoga yang ini bisa bayar pakai QRIS.",respondent0296@example.com
R0297,2026-08-22T23:19:00,376,Ya,International,Singapore,18-24,Female,High,Friends,TikTok,4,3,5,4,4,4,3,3,4,4,4,5,5,4,4,2,Ya,Ya,Ya,Ya,Ya,275000,155000,255000,315000,2-3 times,5,1660000,7,"Rp 150,000 is reasonable compared with Bali, but not for a short visit.",
R0298,2026-08-23T00:49:00,367,Ya,International,Other Asia,35-44,Female,Middle,Tour group,Instagram,4,5,5,3,3,3,4,3,3,4,3,5,3,4,3,3,Ya,Ya,Ya,Ya,Ya,100000,200000,335000,430000,First visit,6,1430000,8,The ferry schedule was confusing and nobody could tell us the times.,respondent0298@example.com
R0299,2026-08-23T02:35:00,663,Ya,International,Singapore,18-24,Male,High,Couple,Instagram,2,2,0,3,4,3,2,2,2,4,3,2,2,4,2,3,Ya,Ya,Ya,Ya,Ya,240000,135000,220000,310000,First visit,4,2300000,7,I would pay for an authentic cultural show and hands-on ulos weaving.,
R0300,2026-08-23T04:16:00,698,Ya,Domestic,West Java,25-34,Female,High,Couple,Instagram,4,3,4,2,3,1,4,4,2,4,3,4,4,2,3,2,Ya,Ya,Ya,Ya,Tidak,70000,125000,190000,280000,2-3 times,1,500000,6,"Pesan online harus mudah, jangan transfer manual lalu konfirmasi lewat WhatsApp.",
R0301,2026-08-23T07:47:00,707,Ya,Domestic,Riau,45-54,Female,Low,Couple,TikTok,3,4,4,3,3,3,4,3,4,4,3,3,1,4,4,5,Ya,Ya,Ya,Ya,Tidak,75000,115000,215000,260000,2-3 times,1,440000,10,Pertunjukan tortor dan cerita tentang ulos akan membuat pengalaman ini berharga.,respondent0301@example.com
R0302,2026-08-23T09:20:00,462,Ya,Domestic,North Sumatra,55+,Female,Middle,Family,Friends and family,3,3,3,2,2,2,4,2,3,4,4,5,3,1,2,3,Ya,Ya,Ya,Ya,Tidak,65000,115000,185000,280000,4+ times,1,750000,6,Terlalu mahal kalau tidak termasuk makan dan transportasi.,
R0303,2026-08-23T10:03:00,838,Ya,International,Malaysia,35-44,Male,Middle,Family,Google Search,3,4,4,1,2,3,2,1,2,4,4,3,4,1,1,1,Tidak,Ya,Ya,Tidak,Tidak,55000,80000,150000,185000,4+ times,2,1740000,3,"Rp 150,000 is reasonable compared with Bali, but not for a short visit.",
R0304,2026-08-23T10:59:00,459,Ya,International,Europe,18-24,Female,Middle,Friends,Instagram,4,3,4,4,4,4,4,4,4,4,3,3,3,4,3,5,Ya,Ya,Ya,Ya,Tidak,65000,115000,200000,280000,1 time,2,860000,8,The price is fine if transport from Parapat is included.,
R0305,2026-08-23T13:56:00,835,Ya,Domestic,Other Indonesia,18-24,Female,Middle,Family,Instagram,3,2,1,2,2,2,3,3,3,4,4,5,4,4,3,1,Tidak,Tidak,Tidak,Tidak,Tidak,35000,60000,90000,125000,2-3 times,2,780000,7,"Yang penting pemandunya bisa bercerita dengan menarik, bukan hanya jalan-jalan.",respondent0305@example.com
R0306,2026-08-23T14:00:00,319,Ya,Domestic,North Sumatra,25-34,Male,High,Solo,Friends and family,2,3,1,2,3,2,2,3,4,4,2,2,3,2,2,2,Ya,Ya,Ya,Ya,Ya,110000,180000,255000,350000,4+ times,3,650000,5,"Kalau ada cerita sejarah Batak yang dibawakan pemandu lokal, saya mau bayar segitu.",
R0307,2026-08-23T14:36:00,639,Ya,Domestic,North Sumatra,25-34,Male,Middle,Tour group,Google Search,3,4,5,4,4,4,3,3,3,4,3,3,3,3,3,3,Ya,Ya,Ya,Ya,Ya,85000,170000,240000,325000,4+ times,2,430000,8,,
R0308,2026-08-23T15:34:00,405,Ya,International,Singapore,35-44,Female,High,Solo,Online travel agent,4,3,4,3,5,4,5,3,4,4,1,2,1,4,5,4,Ya,Ya,Ya,Ya,Ya,250000,385000,585000,925000,First visit,3,830000,9,,
R0309,2026-08-23T16:01:00,848,Ya,Domestic,Jakarta,18-24,Male,Middle,Family,Instagram,4,4,3,3,4,2,5,5,5,4,3,3,4,3,4,3,Ya,Ya,Ya,Ya,Ya,320000,200000,300000,360000,4+ times,2,670000,7,,
R0310,2026-08-23T16:14:00,645,Ya,Domestic,Jakarta,25-34,Female,Middle,Solo,Instagram,5,4,4,4,3,3,4,3,3,4,2,3,3,3,5,3,Ya,Ya,Ya,Ya,Ya,100000,185000,325000,440000,4+ times,1,480000,7,"Yang penting pemandunya bisa bercerita dengan menarik, bukan hanya jalan-jalan.",respondent0310@example.com
R0311,2026-08-23T17:04:00,538,Ya,Domestic,North Sumatra,55+,Female,Middle,Family,TikTok,3,4,3,3,3,3,4,4,4,4,2,1,2,5,5,4,Ya,Ya,Ya,Ya,Ya,125000,165000,300000,415000,1 time,3,810000,6,Kalau harganya 100 ribu saya pasti ikut.,respondent0311@example.com
R0312,2026-08-23T18:35:00,558,Ya,Domestic,North Sumatra,25-34,Male,Low,Tour group,Travel agent,2,3,2,2,1,2,1,1,2,4,3,4,4,2,2,2,Tidak,Tidak,Tidak,Tidak,Tidak,25000,45000,60000,95000,2-3 times,1,550000,7,"Jalan ke sana macet dan rusak, harus ada antar jemput dari Parapat.",
R0313,2026-08-23T22:27:00,521,Ya,Domestic,North Sumatra,35-44,Male,Middle,Couple,TikTok,2,3,4,2,3,4,1,1,2,4,4,4,3,1,1,3,Tidak,Tidak,Tidak,Tidak,Tidak,30000,45000,75000,105000,2-3 times,3,640000,5,"Yang penting pemandunya bisa bercerita dengan menarik, bukan hanya jalan-jalan.",
R0314,2026-08-24T00:42:00,410,Ya,Domestic,Other Indonesia,45-54,Male,Middle,Couple,Friends and family,5,4,4,4,,2,4,4,5,4,4,5,5,5,4,5,Ya,Ya,Ya,Ya,Ya,90000,165000,235000,320000,First visit,1,380000,10,Terlalu mahal kalau tidak termasuk makan dan transportasi.,respondent0314@example.com
R0315,2026-08-24T01:52:00,391,Ya,International,Malaysia,45-54,Male,Middle,Friends,Online travel agent,4,4,4,2,4,3,4,3,4,4,4,4,3,2,3,2,Ya,Ya,Ya,Ya,Ya,95000,180000,290000,350000,First visit,6,1240000,6,Include a traditional Batak lunch and I am in.,
R0316,2026-08-24T02:02:00,309,Ya,Domestic,North Sumatra,18-24,Female,Low,Friends,Friends and family,3,3,3,1,2,3,4,2,4,4,4,4,4,4,3,2,Tidak,Ya,Tidak,Tidak,Tidak,45000,80000,115000,155000,First visit,2,940000,5,"Yang penting pemandunya bisa bercerita dengan menarik, bukan hanya jalan-jalan.",
R0317,2026-08-24T02:06:00,629,Ya,International,Singapore,25-34,Female,Middle,Couple,Friends and family,1,2,3,3,2,3,1,1,2,4,4,3,3,1,1,1,Tidak,Tidak,Tidak,Tidak,Tidak,40000,55000,100000,145000,First visit,3,760000,4,A local guide telling the stories behind the Batak houses would make it worth it.,respondent0317@example.com
R0318,2026-08-24T03:03:00,580,Ya,Domestic,Riau,35-44,Male,Low,Friends,Instagram,2,2,2,2,2,3,2,1,1,4,5,4,4,2,1,2,Tidak,Tidak,Tidak,Tidak,Tidak,20000,40000,60000,80000,First visit,1,510000,5,Terlalu mahal kalau tidak termasuk makan dan transportasi.,
R0319,2026-08-24T03:21:00,351,Ya,Domestic,North Sumatra,45-54,Male,Low,Family,Friends and family,2,2,2,1,2,3,3,4,4,2,5,4,5,2,2,2,Tidak,Ya,Tidak,Tidak,Tidak,40000,85000,110000,155000,2-3 times,2,400000,5,"Harga 150 ribu agak mahal untuk kami sekeluarga, mungkin ada paket keluarga.",
R0320,2026-08-24T05:06:00,529,Ya,Domestic,North Sumatra,25-34,Male,Low,Family,Instagram,5,5,5,4,4,4,2,3,2,4,4,3,4,3,3,3,Tidak,Tidak,Tidak,Tidak,Tidak,30000,50000,75000,110000,First visit,5,470000,6,,
R0103,2026-08-09T10:53:00,576,Ya,Domestic,Other Indonesia,18-24,Male,Low,Solo,TikTok,3,3,4,4,3,3,2,2,3,4,4,4,3,1,2,1,Tidak,Tidak,Tidak,Tidak,Tidak,35000,55000,80000,135000,1 time,1,930000,4,,
R0192,2026-08-15T09:31:00,461,Ya,International,Europe,18-24,Female,Middle,Friends,TikTok,4,4,4,3,3,2,2,3,2,4,3,5,4,3,4,3,Ya,Ya,Ya,Ya,Ya,100000,175000,275000,380000,2-3 times,2,1560000,6,A local guide telling the stories behind the Batak houses would make it worth it.,
R0008,2026-08-03T14:17:00,402,Ya,Domestic,Other Indonesia,45-54,Female,Middle,Friends,Friends and family,5,4,4,4,5,5,4,5,4,4,3,3,3,3,4,3,Ya,Ya,Ya,Ya,Ya,100000,160000,260000,345000,1 time,3,510000,8,"Kalau ada cerita sejarah Batak yang dibawakan pemandu lokal, saya mau bayar segitu.",respondent0008@example.com
R0005,2026-08-03T12:45:00,303,Ya,International,Malaysia,45-54,Male,Middle,Family,Friends and family,2,4,3,4,3,4,4,4,4,4,2,3,3,4,3,4,Ya,Ya,Ya,Ya,Ya,120000,205000,345000,450000,1 time,9,1270000,9,"Online booking in English with card payment, please.",
R0251,2026-08-19T10:42:00,435,Ya,International,Singapore,18-24,Male,Middle,Friends,TikTok,3,3,4,4,3,3,2,1,4,4,5,3,4,3,3,4,Tidak,Ya,Tidak,Tidak,Tidak,45000,70000,110000,160000,2-3 times,3,1060000,5,I would pay for an authentic cultural show and hands-on ulos weaving.,
R0174,2026-08-13T22:45:00,322,Ya,International,Malaysia,35-44,Female,Middle,Friends,Friends and family,3,3,4,5,4,3,4,5,4,4,2,2,2,3,4,4,Ya,Ya,Ya,Ya,Ya,130000,180000,325000,475000,First visit,2,1980000,8,I would pay for an authentic cultural show and hands-on ulos weaving.,
